path,width,height,category,status,rule
assets/minecraft/textures/block/piston_bottom_s.png,16,16,pbr_map,below_512,512-block-item
assets/minecraft/textures/block/andesite.png,16,16,base,below_512,512-block-item
assets/minecraft/textures/block/horn_coral_block_n.png,16,16,pbr_map,below_512,512-block-item
assets/minecraft/textures/block/polished_basalt_side_s.png,16,16,pbr_map,below_512,512-block-item
assets/minecraft/textures/block/bedrock_s.png,16,16,pbr_map,below_512,512-block-item
assets/minecraft/textures/block/oak_trapdoor_n.png,16,16,pbr_map,below_512,512-block-item
assets/minecraft/textures/block/dark_oak_door_top_s.png,16,16,pbr_map,below_512,512-block-item
assets/minecraft/textures/block/oak_door_top.png,16,16,base,below_512,512-block-item
assets/minecraft/textures/block/cracked_stone_bricks_s.png,16,16,pbr_map,below_512,512-block-item
assets/minecraft/textures/block/birch_log.png,16,16,base,below_512,512-block-item
assets/minecraft/textures/block/amethyst_cluster.png,16,16,base,below_512,512-block-item
assets/minecraft/textures/block/dark_oak_leaves.png,16,16,base,below_512,512-block-item
assets/minecraft/textures/block/iron_trapdoor.png,16,16,base,below_512,512-block-item
assets/minecraft/textures/block/stripped_jungle_log_n.png,16,16,pbr_map,below_512,512-block-item
assets/minecraft/textures/block/lime_wool_n.png,16,16,pbr_map,below_512,512-block-item
assets/minecraft/textures/block/glow_lichen_n.png,16,16,pbr_map,below_512,512-block-item
assets/minecraft/textures/block/warped_door_bottom.png,16,16,base,below_512,512-block-item
assets/minecraft/textures/block/warped_nylium_side.png,16,16,base,below_512,512-block-item
assets/minecraft/textures/block/fire_coral_block_s.png,16,16,pbr_map,below_512,512-block-item
assets/minecraft/textures/block/sandstone_bottom_n.png,16,16,pbr_map,below_512,512-block-item
assets/minecraft/textures/block/repeating_command_block_front.png,16,64,base,below_512,512-block-item
assets/minecraft/textures/block/campfire_log_s.png,16,16,pbr_map,below_512,512-block-item
assets/minecraft/textures/block/dropper_front_horizontal_n.png,16,16,pbr_map,below_512,512-block-item
assets/minecraft/textures/block/light_gray_concrete_powder.png,16,16,base,below_512,512-block-item
assets/minecraft/textures/block/cauldron_top.png,16,16,base,below_512,512-block-item
assets/minecraft/textures/block/green_concrete.png,16,16,base,below_512,512-block-item
assets/minecraft/textures/block/dark_oak_leaves_s.png,16,16,pbr_map,below_512,512-block-item
assets/minecraft/textures/block/packed_ice.png,16,16,base,below_512,512-block-item
assets/minecraft/textures/block/quartz_block_bottom_n.png,16,16,pbr_map,below_512,512-block-item
assets/minecraft/textures/block/purple_stained_glass_pane_top.png,16,16,base,below_512,512-block-item
assets/minecraft/textures/block/lodestone_side_n.png,16,16,pbr_map,below_512,512-block-item
assets/minecraft/textures/block/red_mushroom_block.png,16,16,base,below_512,512-block-item
assets/minecraft/textures/block/blue_candle.png,16,16,base,below_512,512-block-item
assets/minecraft/textures/block/mangrove_roots_top.png,16,16,base,below_512,512-block-item
assets/minecraft/textures/block/redstone_dust_dot.png,16,16,base,below_512,512-block-item
assets/minecraft/textures/block/daylight_detector_inverted_top.png,16,16,base,below_512,512-block-item
assets/minecraft/textures/block/pumpkin_top_s.png,16,16,pbr_map,below_512,512-block-item
assets/minecraft/textures/block/acacia_log_top_n.png,16,16,pbr_map,below_512,512-block-item
assets/minecraft/textures/block/end_portal_frame_top_s.png,16,16,pbr_map,below_512,512-block-item
assets/minecraft/textures/block/light_blue_stained_glass.png,16,16,base,below_512,512-block-item
assets/minecraft/textures/block/blast_furnace_front_on_n.png,16,16,pbr_map,below_512,512-block-item
assets/minecraft/textures/block/brown_candle_lit.png,16,16,base,below_512,512-block-item
assets/minecraft/textures/block/cartography_table_side2_n.png,16,16,pbr_map,below_512,512-block-item
assets/minecraft/textures/block/deepslate_iron_ore_n.png,16,16,pbr_map,below_512,512-block-item
assets/minecraft/textures/block/cracked_polished_blackstone_bricks.png,16,16,base,below_512,512-block-item
assets/minecraft/textures/block/stripped_dark_oak_log_top_n.png,16,16,pbr_map,below_512,512-block-item
assets/minecraft/textures/block/cyan_glazed_terracotta_n.png,16,16,pbr_map,below_512,512-block-item
assets/minecraft/textures/block/crafting_table_side_n.png,16,16,pbr_map,below_512,512-block-item
assets/minecraft/textures/block/stonecutter_saw.png,16,48,base,below_512,512-block-item
assets/minecraft/textures/block/jukebox_top.png,16,16,base,below_512,512-block-item
assets/minecraft/textures/block/light_blue_terracotta.png,16,16,base,below_512,512-block-item
assets/minecraft/textures/block/grass_block_side_overlay.png,16,16,base,below_512,512-block-item
assets/minecraft/textures/block/pink_glazed_terracotta_n.png,16,16,pbr_map,below_512,512-block-item
assets/minecraft/textures/block/brown_glazed_terracotta_n.png,16,16,pbr_map,below_512,512-block-item
assets/minecraft/textures/block/nether_wart_block_n.png,16,16,pbr_map,below_512,512-block-item
assets/minecraft/textures/block/light_blue_candle_lit.png,16,16,base,below_512,512-block-item
assets/minecraft/textures/block/piston_inner.png,16,16,base,below_512,512-block-item
assets/minecraft/textures/block/composter_ready_s.png,16,16,pbr_map,below_512,512-block-item
assets/minecraft/textures/block/lime_candle_n.png,16,16,pbr_map,below_512,512-block-item
assets/minecraft/textures/block/quartz_bricks.png,16,16,base,below_512,512-block-item
assets/minecraft/textures/block/piston_side.png,16,16,base,below_512,512-block-item
assets/minecraft/textures/block/cracked_stone_bricks_n.png,16,16,pbr_map,below_512,512-block-item
assets/minecraft/textures/block/spruce_planks_s.png,16,16,pbr_map,below_512,512-block-item
assets/minecraft/textures/block/polished_blackstone_bricks_n.png,16,16,pbr_map,below_512,512-block-item
assets/minecraft/textures/block/torch.png,16,16,base,below_512,512-block-item
assets/minecraft/textures/block/candle_n.png,16,16,pbr_map,below_512,512-block-item
assets/minecraft/textures/block/stripped_oak_log_s.png,16,16,pbr_map,below_512,512-block-item
assets/minecraft/textures/block/lectern_base_s.png,16,16,pbr_map,below_512,512-block-item
assets/minecraft/textures/block/chipped_anvil_top_n.png,16,16,pbr_map,below_512,512-block-item
assets/minecraft/textures/block/frosted_ice_0_n.png,16,16,pbr_map,below_512,512-block-item
assets/minecraft/textures/block/chorus_plant.png,16,16,base,below_512,512-block-item
assets/minecraft/textures/block/deepslate_tiles_n.png,16,16,pbr_map,below_512,512-block-item
assets/minecraft/textures/block/end_rod.png,16,16,base,below_512,512-block-item
assets/minecraft/textures/block/mud_bricks_n.png,16,16,pbr_map,below_512,512-block-item
assets/minecraft/textures/block/dripstone_block_n.png,16,16,pbr_map,below_512,512-block-item
assets/minecraft/textures/block/flowering_azalea_leaves.png,16,16,base,below_512,512-block-item
assets/minecraft/textures/block/mossy_cobblestone_s.png,16,16,pbr_map,below_512,512-block-item
assets/minecraft/textures/block/chiseled_stone_bricks.png,16,16,base,below_512,512-block-item
assets/minecraft/textures/block/mud_n.png,16,16,pbr_map,below_512,512-block-item
assets/minecraft/textures/block/crimson_planks_s.png,16,16,pbr_map,below_512,512-block-item
assets/minecraft/textures/block/chain_command_block_conditional.png,16,64,base,below_512,512-block-item
assets/minecraft/textures/block/red_sand_s.png,16,16,pbr_map,below_512,512-block-item
assets/minecraft/textures/block/pointed_dripstone_up_tip_merge_s.png,16,16,pbr_map,below_512,512-block-item
assets/minecraft/textures/block/diamond_ore.png,16,16,base,below_512,512-block-item
assets/minecraft/textures/block/brewing_stand_base.png,16,16,base,below_512,512-block-item
assets/minecraft/textures/block/iron_ore_s.png,16,16,pbr_map,below_512,512-block-item
assets/minecraft/textures/block/enchanting_table_top_n.png,16,16,pbr_map,below_512,512-block-item
assets/minecraft/textures/block/stonecutter_top_n.png,16,16,pbr_map,below_512,512-block-item
assets/minecraft/textures/block/lime_concrete_powder_s.png,16,16,pbr_map,below_512,512-block-item
assets/minecraft/textures/block/vine_n.png,16,16,pbr_map,below_512,512-block-item
assets/minecraft/textures/block/deepslate_lapis_ore_n.png,16,16,pbr_map,below_512,512-block-item
assets/minecraft/textures/block/melon_side.png,16,16,base,below_512,512-block-item
assets/minecraft/textures/block/iron_door_top.png,16,16,base,below_512,512-block-item
assets/minecraft/textures/block/polished_deepslate_n.png,16,16,pbr_map,below_512,512-block-item
assets/minecraft/textures/block/powered_rail_on.png,16,16,base,below_512,512-block-item
assets/minecraft/textures/block/redstone_torch_n.png,16,16,pbr_map,below_512,512-block-item
assets/minecraft/textures/block/red_glazed_terracotta_s.png,16,16,pbr_map,below_512,512-block-item
assets/minecraft/textures/block/gold_ore_n.png,16,16,pbr_map,below_512,512-block-item
assets/minecraft/textures/block/beacon.png,16,16,base,below_512,512-block-item
assets/minecraft/textures/block/mossy_stone_bricks_s.png,16,16,pbr_map,below_512,512-block-item
assets/minecraft/textures/block/hopper_top.png,16,16,base,below_512,512-block-item
assets/minecraft/textures/block/spruce_trapdoor_s.png,16,16,pbr_map,below_512,512-block-item
assets/minecraft/textures/block/exposed_copper.png,16,16,base,below_512,512-block-item
assets/minecraft/textures/block/repeating_command_block_back_s.png,16,16,pbr_map,below_512,512-block-item
assets/minecraft/textures/block/stripped_crimson_stem_top_s.png,16,16,pbr_map,below_512,512-block-item
assets/minecraft/textures/block/bone_block_side.png,16,16,base,below_512,512-block-item
assets/minecraft/textures/block/hay_block_top_n.png,16,16,pbr_map,below_512,512-block-item
assets/minecraft/textures/block/purple_candle.png,16,16,base,below_512,512-block-item
assets/minecraft/textures/block/purple_wool.png,16,16,base,below_512,512-block-item
assets/minecraft/textures/block/pointed_dripstone_down_tip.png,16,16,base,below_512,512-block-item
assets/minecraft/textures/block/tnt_top.png,16,16,base,below_512,512-block-item
assets/minecraft/textures/block/dead_bush.png,16,16,base,below_512,512-block-item
assets/minecraft/textures/block/light_gray_stained_glass.png,16,16,base,below_512,512-block-item
assets/minecraft/textures/block/light_blue_glazed_terracotta_s.png,16,16,pbr_map,below_512,512-block-item
assets/minecraft/textures/block/oak_door_top_n.png,16,16,pbr_map,below_512,512-block-item
assets/minecraft/textures/block/grass_block_top_n.png,16,16,pbr_map,below_512,512-block-item
assets/minecraft/textures/block/crimson_nylium_side_s.png,16,16,pbr_map,below_512,512-block-item
assets/minecraft/textures/block/warped_wart_block.png,16,16,base,below_512,512-block-item
assets/minecraft/textures/block/itemframe_background_n.png,16,16,pbr_map,below_512,512-block-item
assets/minecraft/textures/block/amethyst_cluster_n.png,16,16,pbr_map,below_512,512-block-item
assets/minecraft/textures/block/lectern_top_s.png,16,16,pbr_map,below_512,512-block-item
assets/minecraft/textures/block/glass_n.png,16,16,pbr_map,below_512,512-block-item
assets/minecraft/textures/block/lime_candle_lit_s.png,16,16,pbr_map,below_512,512-block-item
assets/minecraft/textures/block/red_sandstone_bottom_s.png,16,16,pbr_map,below_512,512-block-item
assets/minecraft/textures/block/red_sandstone_n.png,16,16,pbr_map,below_512,512-block-item
assets/minecraft/textures/block/lime_terracotta.png,16,16,base,below_512,512-block-item
assets/minecraft/textures/block/command_block_side.png,16,64,base,below_512,512-block-item
assets/minecraft/textures/block/acacia_leaves_s.png,16,16,pbr_map,below_512,512-block-item
assets/minecraft/textures/block/mangrove_roots_side_n.png,16,16,pbr_map,below_512,512-block-item
assets/minecraft/textures/block/smooth_basalt_s.png,16,16,pbr_map,below_512,512-block-item
assets/minecraft/textures/block/honeycomb_block_s.png,16,16,pbr_map,below_512,512-block-item
assets/minecraft/textures/block/command_block_conditional_n.png,16,16,pbr_map,below_512,512-block-item
assets/minecraft/textures/block/lectern_base.png,16,16,base,below_512,512-block-item
assets/minecraft/textures/block/sugar_cane_s.png,16,16,pbr_map,below_512,512-block-item
assets/minecraft/textures/block/powered_rail_s.png,16,16,pbr_map,below_512,512-block-item
assets/minecraft/textures/block/spruce_oak_log_s.png,16,16,pbr_map,below_512,512-block-item
assets/minecraft/textures/block/deepslate_s.png,16,16,pbr_map,below_512,512-block-item
assets/minecraft/textures/block/oak_log.png,16,16,base,below_512,512-block-item
assets/minecraft/textures/block/polished_diorite_n.png,16,16,pbr_map,below_512,512-block-item
assets/minecraft/textures/block/mangrove_trapdoor_n.png,16,16,pbr_map,below_512,512-block-item
assets/minecraft/textures/block/smooth_stone_slab_side.png,16,16,base,below_512,512-block-item
assets/minecraft/textures/block/dirt.png,16,16,base,below_512,512-block-item
assets/minecraft/textures/block/lava_still_s.png,16,16,pbr_map,below_512,512-block-item
assets/minecraft/textures/block/campfire_log_lit.png,16,64,base,below_512,512-block-item
assets/minecraft/textures/block/white_glazed_terracotta.png,16,16,base,below_512,512-block-item
assets/minecraft/textures/block/lime_candle_lit.png,16,16,base,below_512,512-block-item
assets/minecraft/textures/block/weather_cut_copper_s.png,16,16,pbr_map,below_512,512-block-item
assets/minecraft/textures/block/pointed_dripstone_down_tip_merge_n.png,16,16,pbr_map,below_512,512-block-item
assets/minecraft/textures/block/sculk_n.png,16,16,pbr_map,below_512,512-block-item
assets/minecraft/textures/block/dead_bubble_coral_block_n.png,16,16,pbr_map,below_512,512-block-item
assets/minecraft/textures/block/crimson_trapdoor.png,16,16,base,below_512,512-block-item
assets/minecraft/textures/block/dark_oak_planks_n.png,16,16,pbr_map,below_512,512-block-item
assets/minecraft/textures/block/bamboo_stalk_n.png,16,16,pbr_map,below_512,512-block-item
assets/minecraft/textures/block/blast_furnace_front_s.png,16,16,pbr_map,below_512,512-block-item
assets/minecraft/textures/block/daylight_detector_top.png,16,16,base,below_512,512-block-item
assets/minecraft/textures/block/brown_mushroom_block_s.png,16,16,pbr_map,below_512,512-block-item
assets/minecraft/textures/block/damaged_anvil_top_n.png,16,16,pbr_map,below_512,512-block-item
assets/minecraft/textures/block/spruce_log_top_s.png,16,16,pbr_map,below_512,512-block-item
assets/minecraft/textures/block/oak_leaves_n.png,16,16,pbr_map,below_512,512-block-item
assets/minecraft/textures/block/powder_snow.png,16,16,base,below_512,512-block-item
assets/minecraft/textures/block/dead_bush_n.png,16,16,pbr_map,below_512,512-block-item
assets/minecraft/textures/block/honey_block_bottom_s.png,16,16,pbr_map,below_512,512-block-item
assets/minecraft/textures/block/crafting_table_front_s.png,16,16,pbr_map,below_512,512-block-item
assets/minecraft/textures/block/lava_flow_n.png,16,16,pbr_map,below_512,512-block-item
assets/minecraft/textures/block/soul_sand_s.png,16,16,pbr_map,below_512,512-block-item
assets/minecraft/textures/block/barrel_side_s.png,16,16,pbr_map,below_512,512-block-item
assets/minecraft/textures/block/end_stone_bricks.png,16,16,base,below_512,512-block-item
assets/minecraft/textures/block/spawner_n.png,16,16,pbr_map,below_512,512-block-item
assets/minecraft/textures/block/cartography_table_top.png,16,16,base,below_512,512-block-item
assets/minecraft/textures/block/birch_door_bottom.png,16,16,base,below_512,512-block-item
assets/minecraft/textures/block/cactus_side.png,16,16,base,below_512,512-block-item
assets/minecraft/textures/block/enchanting_table_side_n.png,16,16,pbr_map,below_512,512-block-item
assets/minecraft/textures/block/podzol_side_s.png,16,16,pbr_map,below_512,512-block-item
assets/minecraft/textures/block/exposed_copper_n.png,16,16,pbr_map,below_512,512-block-item
assets/minecraft/textures/block/pearlescent_froglight_side_n.png,16,16,pbr_map,below_512,512-block-item
assets/minecraft/textures/block/orange_stained_glass_pane_top.png,16,16,base,below_512,512-block-item
assets/minecraft/textures/block/cherry_log.png,16,16,base,below_512,512-block-item
assets/minecraft/textures/block/sand.png,16,16,base,below_512,512-block-item
assets/minecraft/textures/block/stripped_birch_log_s.png,16,16,pbr_map,below_512,512-block-item
assets/minecraft/textures/block/raw_copper_block_s.png,16,16,pbr_map,below_512,512-block-item
assets/minecraft/textures/block/mushroom_block_inside_s.png,16,16,pbr_map,below_512,512-block-item
assets/minecraft/textures/block/cut_sandstone.png,16,16,base,below_512,512-block-item
assets/minecraft/textures/block/basalt_side_s.png,16,16,pbr_map,below_512,512-block-item
assets/minecraft/textures/block/sculk_vein_s.png,16,16,pbr_map,below_512,512-block-item
assets/minecraft/textures/block/chorus_flower_dead_n.png,16,16,pbr_map,below_512,512-block-item
assets/minecraft/textures/block/chiseled_sandstone.png,16,16,base,below_512,512-block-item
assets/minecraft/textures/block/weeping_vines_plant.png,16,16,base,below_512,512-block-item
assets/minecraft/textures/block/purple_glazed_terracotta.png,16,16,base,below_512,512-block-item
assets/minecraft/textures/block/chipped_anvil_top.png,16,16,base,below_512,512-block-item
assets/minecraft/textures/block/cartography_table_side3_n.png,16,16,pbr_map,below_512,512-block-item
assets/minecraft/textures/block/mycelium_side_s.png,16,16,pbr_map,below_512,512-block-item
assets/minecraft/textures/block/purple_candle_lit.png,16,16,base,below_512,512-block-item
assets/minecraft/textures/block/smooth_stone_n.png,16,16,pbr_map,below_512,512-block-item
assets/minecraft/textures/block/weathered_cut_copper.png,16,16,base,below_512,512-block-item
assets/minecraft/textures/block/lava_flow_s.png,16,16,pbr_map,below_512,512-block-item
assets/minecraft/textures/block/scaffolding_side_n.png,16,16,pbr_map,below_512,512-block-item
assets/minecraft/textures/block/budding_amethyst_n.png,16,16,pbr_map,below_512,512-block-item
assets/minecraft/textures/block/furnace_top.png,16,16,base,below_512,512-block-item
assets/minecraft/textures/block/lime_concrete_powder.png,16,16,base,below_512,512-block-item
assets/minecraft/textures/block/coal_block.png,16,16,base,below_512,512-block-item
assets/minecraft/textures/block/dark_oak_log_top.png,16,16,base,below_512,512-block-item
assets/minecraft/textures/block/cut_red_sandstone_n.png,16,16,pbr_map,below_512,512-block-item
assets/minecraft/textures/block/dirt_path_side_n.png,16,16,pbr_map,below_512,512-block-item
assets/minecraft/textures/block/stripped_spruce_log_top_s.png,16,16,pbr_map,below_512,512-block-item
assets/minecraft/textures/block/podzol_top_s.png,16,16,pbr_map,below_512,512-block-item
assets/minecraft/textures/block/bamboo_block.png,16,16,base,below_512,512-block-item
assets/minecraft/textures/block/nether_gold_ore_s.png,16,16,pbr_map,below_512,512-block-item
assets/minecraft/textures/block/campfire_log_lit_s.png,16,16,pbr_map,below_512,512-block-item
assets/minecraft/textures/block/nether_bricks.png,16,16,base,below_512,512-block-item
assets/minecraft/textures/block/chiseled_quartz_block_n.png,16,16,pbr_map,below_512,512-block-item
assets/minecraft/textures/block/command_block_front_n.png,16,16,pbr_map,below_512,512-block-item
assets/minecraft/textures/block/sculk_vein_n.png,16,16,pbr_map,below_512,512-block-item
assets/minecraft/textures/block/pumpkin_top_n.png,16,16,pbr_map,below_512,512-block-item
assets/minecraft/textures/block/pointed_dripstone_up_base_n.png,16,16,pbr_map,below_512,512-block-item
assets/minecraft/textures/block/cactus_bottom_s.png,16,16,pbr_map,below_512,512-block-item
assets/minecraft/textures/block/item_frame_s.png,16,16,pbr_map,below_512,512-block-item
assets/minecraft/textures/block/cracked_deepslate_bricks_n.png,16,16,pbr_map,below_512,512-block-item
assets/minecraft/textures/block/quartz_block_side_s.png,16,16,pbr_map,below_512,512-block-item
assets/minecraft/textures/block/acacia_trapdoor.png,16,16,base,below_512,512-block-item
assets/minecraft/textures/block/copper_block.png,16,16,base,below_512,512-block-item
assets/minecraft/textures/block/light_blue_concrete.png,16,16,base,below_512,512-block-item
assets/minecraft/textures/block/honey_block_top.png,16,16,base,below_512,512-block-item
assets/minecraft/textures/block/pointed_dripstone_down_tip_merge.png,16,16,base,below_512,512-block-item
assets/minecraft/textures/block/purpur_pillar_s.png,16,16,pbr_map,below_512,512-block-item
assets/minecraft/textures/block/magenta_glazed_terracotta.png,16,16,base,below_512,512-block-item
assets/minecraft/textures/block/brown_mushroom.png,16,16,base,below_512,512-block-item
assets/minecraft/textures/block/obsidian_n.png,16,16,pbr_map,below_512,512-block-item
assets/minecraft/textures/block/stripped_dark_oak_log_n.png,16,16,pbr_map,below_512,512-block-item
assets/minecraft/textures/block/pointed_dripstone_down_base.png,16,16,base,below_512,512-block-item
assets/minecraft/textures/block/acacia_planks_n.png,16,16,pbr_map,below_512,512-block-item
assets/minecraft/textures/block/cyan_wool.png,16,16,base,below_512,512-block-item
assets/minecraft/textures/block/cobbled_deepslate_s.png,16,16,pbr_map,below_512,512-block-item
assets/minecraft/textures/block/polished_blackstone_bricks.png,16,16,base,below_512,512-block-item
assets/minecraft/textures/block/lime_concrete_powder_n.png,16,16,pbr_map,below_512,512-block-item
assets/minecraft/textures/block/red_mushroom_block_s.png,16,16,pbr_map,below_512,512-block-item
assets/minecraft/textures/block/lectern_front_s.png,16,16,pbr_map,below_512,512-block-item
assets/minecraft/textures/block/dirt_path_top.png,16,16,base,below_512,512-block-item
assets/minecraft/textures/block/nether_portal_n.png,16,512,pbr_map,below_512,512-block-item
assets/minecraft/textures/block/grass_block_side_overlay_n.png,16,16,pbr_map,below_512,512-block-item
assets/minecraft/textures/block/frosted_ice_0.png,16,16,base,below_512,512-block-item
assets/minecraft/textures/block/diamond_ore_s.png,16,16,pbr_map,below_512,512-block-item
assets/minecraft/textures/block/yellow_candle.png,16,16,base,below_512,512-block-item
assets/minecraft/textures/block/cyan_concrete.png,16,16,base,below_512,512-block-item
assets/minecraft/textures/block/white_glazed_terracotta_n.png,16,16,pbr_map,below_512,512-block-item
assets/minecraft/textures/block/warped_stem_n.png,16,16,pbr_map,below_512,512-block-item
assets/minecraft/textures/block/hopper_top_s.png,16,16,pbr_map,below_512,512-block-item
assets/minecraft/textures/block/rail_n.png,16,16,pbr_map,below_512,512-block-item
assets/minecraft/textures/block/cake_side.png,16,16,base,below_512,512-block-item
assets/minecraft/textures/block/end_stone_bricks_n.png,16,16,pbr_map,below_512,512-block-item
assets/minecraft/textures/block/chiseled_nether_bricks.png,16,16,base,below_512,512-block-item
assets/minecraft/textures/block/netherrack.png,16,16,base,below_512,512-block-item
assets/minecraft/textures/block/stripped_jungle_log.png,16,16,base,below_512,512-block-item
assets/minecraft/textures/block/gold_ore_s.png,16,16,pbr_map,below_512,512-block-item
assets/minecraft/textures/block/mangrove_trapdoor.png,16,16,base,below_512,512-block-item
assets/minecraft/textures/block/dried_kelp_side_s.png,16,16,pbr_map,below_512,512-block-item
assets/minecraft/textures/block/smooth_stone_s.png,16,16,pbr_map,below_512,512-block-item
assets/minecraft/textures/block/oxidized_copper.png,16,16,base,below_512,512-block-item
assets/minecraft/textures/block/chiseled_sandstone_s.png,16,16,pbr_map,below_512,512-block-item
assets/minecraft/textures/block/cactus_bottom_n.png,16,16,pbr_map,below_512,512-block-item
assets/minecraft/textures/block/lime_stained_glass_pane_top.png,16,16,base,below_512,512-block-item
assets/minecraft/textures/block/jukebox_side_s.png,16,16,pbr_map,below_512,512-block-item
assets/minecraft/textures/block/gray_concrete_powder.png,16,16,base,below_512,512-block-item
assets/minecraft/textures/block/quartz_pillar_top_s.png,16,16,pbr_map,below_512,512-block-item
assets/minecraft/textures/block/mud_bricks_s.png,16,16,pbr_map,below_512,512-block-item
assets/minecraft/textures/block/cartography_table_side3.png,16,16,base,below_512,512-block-item
assets/minecraft/textures/block/diorite_n.png,16,16,pbr_map,below_512,512-block-item
assets/minecraft/textures/block/pink_concrete.png,16,16,base,below_512,512-block-item
assets/minecraft/textures/block/oak_planks_s.png,16,16,pbr_map,below_512,512-block-item
assets/minecraft/textures/block/acacia_log_s.png,16,16,pbr_map,below_512,512-block-item
assets/minecraft/textures/block/acacia_door_top_n.png,16,16,pbr_map,below_512,512-block-item
assets/minecraft/textures/block/repeating_command_block_side.png,16,64,base,below_512,512-block-item
assets/minecraft/textures/block/barrel_bottom.png,16,16,base,below_512,512-block-item
assets/minecraft/textures/block/jungle_log_top.png,16,16,base,below_512,512-block-item
assets/minecraft/textures/block/spruce_trapdoor_n.png,16,16,pbr_map,below_512,512-block-item
assets/minecraft/textures/block/small_amethyst_bud_n.png,16,16,pbr_map,below_512,512-block-item
assets/minecraft/textures/block/stripped_acacia_log_s.png,16,16,pbr_map,below_512,512-block-item
assets/minecraft/textures/block/warped_nylium_side_s.png,16,16,pbr_map,below_512,512-block-item
assets/minecraft/textures/block/stripped_birch_log.png,16,16,base,below_512,512-block-item
assets/minecraft/textures/block/cartography_table_side1.png,16,16,base,below_512,512-block-item
assets/minecraft/textures/block/blue_glazed_terracotta.png,16,16,base,below_512,512-block-item
assets/minecraft/textures/block/bookshelf.png,16,16,base,below_512,512-block-item
assets/minecraft/textures/block/cut_copper_s.png,16,16,pbr_map,below_512,512-block-item
assets/minecraft/textures/block/oxidized_copper_n.png,16,16,pbr_map,below_512,512-block-item
assets/minecraft/textures/block/grindstone_round_s.png,16,16,pbr_map,below_512,512-block-item
assets/minecraft/textures/block/crimson_door_top_s.png,16,16,pbr_map,below_512,512-block-item
assets/minecraft/textures/block/lodestone_top_n.png,16,16,pbr_map,below_512,512-block-item
assets/minecraft/textures/block/mangrove_log_n.png,16,16,pbr_map,below_512,512-block-item
assets/minecraft/textures/block/redstone_dust_overlay.png,16,16,base,below_512,512-block-item
assets/minecraft/textures/block/light_gray_concrete.png,16,16,base,below_512,512-block-item
assets/minecraft/textures/block/pearlescent_froglight_top_n.png,16,16,pbr_map,below_512,512-block-item
assets/minecraft/textures/block/cracked_deepslate_tiles_n.png,16,16,pbr_map,below_512,512-block-item
assets/minecraft/textures/block/command_block_side_s.png,16,16,pbr_map,below_512,512-block-item
assets/minecraft/textures/block/cactus_top.png,16,16,base,below_512,512-block-item
assets/minecraft/textures/block/stripped_acacia_log_top_s.png,16,16,pbr_map,below_512,512-block-item
assets/minecraft/textures/block/fletching_table_side_s.png,16,16,pbr_map,below_512,512-block-item
assets/minecraft/textures/block/piston_bottom.png,16,16,base,below_512,512-block-item
assets/minecraft/textures/block/exposed_copper_s.png,16,16,pbr_map,below_512,512-block-item
assets/minecraft/textures/block/lime_stained_glass.png,16,16,base,below_512,512-block-item
assets/minecraft/textures/block/brain_coral_block.png,16,16,base,below_512,512-block-item
assets/minecraft/textures/block/scaffolding_top_n.png,16,16,pbr_map,below_512,512-block-item
assets/minecraft/textures/block/pointed_dripstone_up_tip.png,16,16,base,below_512,512-block-item
assets/minecraft/textures/block/crying_obsidian_n.png,16,16,pbr_map,below_512,512-block-item
assets/minecraft/textures/block/stripped_jungle_log_top_n.png,16,16,pbr_map,below_512,512-block-item
assets/minecraft/textures/block/pearlescent_froglight_side_s.png,16,16,pbr_map,below_512,512-block-item
assets/minecraft/textures/block/hopper_inside_s.png,16,16,pbr_map,below_512,512-block-item
assets/minecraft/textures/block/dark_oak_door_bottom_s.png,16,16,pbr_map,below_512,512-block-item
assets/minecraft/textures/block/bricks_s.png,16,16,pbr_map,below_512,512-block-item
assets/minecraft/textures/block/flowering_azalea_leaves_s.png,16,16,pbr_map,below_512,512-block-item
assets/minecraft/textures/block/end_portal_frame_top.png,16,16,base,below_512,512-block-item
assets/minecraft/textures/block/stonecutter_side.png,16,16,base,below_512,512-block-item
assets/minecraft/textures/block/loom_front_n.png,16,16,pbr_map,below_512,512-block-item
assets/minecraft/textures/block/warped_stem_top_n.png,16,16,pbr_map,below_512,512-block-item
assets/minecraft/textures/block/reinforced_deepslate_side_s.png,16,16,pbr_map,below_512,512-block-item
assets/minecraft/textures/block/mangrove_leaves.png,16,16,base,below_512,512-block-item
assets/minecraft/textures/block/campfire_log.png,16,16,base,below_512,512-block-item
assets/minecraft/textures/block/raw_copper_block.png,16,16,base,below_512,512-block-item
assets/minecraft/textures/block/honey_block_top_n.png,16,16,pbr_map,below_512,512-block-item
assets/minecraft/textures/block/redstone_lamp_on_n.png,16,16,pbr_map,below_512,512-block-item
assets/minecraft/textures/block/smooth_stone.png,16,16,base,below_512,512-block-item
assets/minecraft/textures/block/spruce_log_top.png,16,16,base,below_512,512-block-item
assets/minecraft/textures/block/end_portal_frame_side_s.png,16,16,pbr_map,below_512,512-block-item
assets/minecraft/textures/block/polished_blackstone_s.png,16,16,pbr_map,below_512,512-block-item
assets/minecraft/textures/block/enchanting_table_side.png,16,16,base,below_512,512-block-item
assets/minecraft/textures/block/stripped_dark_oak_log_top_s.png,16,16,pbr_map,below_512,512-block-item
assets/minecraft/textures/block/candle_lit_s.png,16,16,pbr_map,below_512,512-block-item
assets/minecraft/textures/block/polished_basalt_top_s.png,16,16,pbr_map,below_512,512-block-item
assets/minecraft/textures/block/blue_concrete_powder.png,16,16,base,below_512,512-block-item
assets/minecraft/textures/block/mangrove_trapdoor_s.png,16,16,pbr_map,below_512,512-block-item
assets/minecraft/textures/block/daylight_detector_top_n.png,16,16,pbr_map,below_512,512-block-item
assets/minecraft/textures/block/deepslate_bricks_n.png,16,16,pbr_map,below_512,512-block-item
assets/minecraft/textures/block/stripped_acacia_log_n.png,16,16,pbr_map,below_512,512-block-item
assets/minecraft/textures/block/green_stained_glass_pane_top.png,16,16,base,below_512,512-block-item
assets/minecraft/textures/block/netherrack_s.png,16,16,pbr_map,below_512,512-block-item
assets/minecraft/textures/block/nether_quartz_ore.png,16,16,base,below_512,512-block-item
assets/minecraft/textures/block/lever_n.png,16,16,pbr_map,below_512,512-block-item
assets/minecraft/textures/block/lava_still_n.png,16,16,pbr_map,below_512,512-block-item
assets/minecraft/textures/block/black_glazed_terracotta_s.png,16,16,pbr_map,below_512,512-block-item
assets/minecraft/textures/block/mossy_stone_bricks_n.png,16,16,pbr_map,below_512,512-block-item
assets/minecraft/textures/block/rail_corner_n.png,16,16,pbr_map,below_512,512-block-item
assets/minecraft/textures/block/bell_side.png,16,16,base,below_512,512-block-item
assets/minecraft/textures/block/grass_path_side_n.png,16,16,pbr_map,below_512,512-block-item
assets/minecraft/textures/block/sea_pickle_s.png,16,16,pbr_map,below_512,512-block-item
assets/minecraft/textures/block/amethyst_block.png,16,16,base,below_512,512-block-item
assets/minecraft/textures/block/grass_block_side.png,16,16,base,below_512,512-block-item
assets/minecraft/textures/block/redstone_dust_line1_n.png,16,16,pbr_map,below_512,512-block-item
assets/minecraft/textures/block/medium_amethyst_bud.png,16,16,base,below_512,512-block-item
assets/minecraft/textures/block/smithing_table_top_s.png,16,16,pbr_map,below_512,512-block-item
assets/minecraft/textures/block/deepslate_diamond_ore_n.png,16,16,pbr_map,below_512,512-block-item
assets/minecraft/textures/block/beacon_s.png,16,16,pbr_map,below_512,512-block-item
assets/minecraft/textures/block/raw_gold_block.png,16,16,base,below_512,512-block-item
assets/minecraft/textures/block/repeating_command_block_conditional_s.png,16,16,pbr_map,below_512,512-block-item
assets/minecraft/textures/block/stripped_warped_stem_top_n.png,16,16,pbr_map,below_512,512-block-item
assets/minecraft/textures/block/loom_side_s.png,16,16,pbr_map,below_512,512-block-item
assets/minecraft/textures/block/lime_wool_s.png,16,16,pbr_map,below_512,512-block-item
assets/minecraft/textures/block/jungle_door_bottom.png,16,16,base,below_512,512-block-item
assets/minecraft/textures/block/candle_s.png,16,16,pbr_map,below_512,512-block-item
assets/minecraft/textures/block/glass_pane_top_n.png,16,16,pbr_map,below_512,512-block-item
assets/minecraft/textures/block/snow_s.png,16,16,pbr_map,below_512,512-block-item
assets/minecraft/textures/block/scaffolding_side.png,16,16,base,below_512,512-block-item
assets/minecraft/textures/block/grindstone_side_n.png,16,16,pbr_map,below_512,512-block-item
assets/minecraft/textures/block/orange_terracotta.png,16,16,base,below_512,512-block-item
assets/minecraft/textures/block/dead_brain_coral_block.png,16,16,base,below_512,512-block-item
assets/minecraft/textures/block/oxidized_cut_copper_n.png,16,16,pbr_map,below_512,512-block-item
assets/minecraft/textures/block/smithing_table_side_s.png,16,16,pbr_map,below_512,512-block-item
assets/minecraft/textures/block/stripped_spruce_log.png,16,16,base,below_512,512-block-item
assets/minecraft/textures/block/bell_top.png,16,16,base,below_512,512-block-item
assets/minecraft/textures/block/lectern_sides.png,16,16,base,below_512,512-block-item
assets/minecraft/textures/block/orange_concrete_powder.png,16,16,base,below_512,512-block-item
assets/minecraft/textures/block/dropper_front_vertical_s.png,16,16,pbr_map,below_512,512-block-item
assets/minecraft/textures/block/crying_obsidian_s.png,16,16,pbr_map,below_512,512-block-item
assets/minecraft/textures/block/scaffolding_side_s.png,16,16,pbr_map,below_512,512-block-item
assets/minecraft/textures/block/frosted_ice_3_n.png,16,16,pbr_map,below_512,512-block-item
assets/minecraft/textures/block/sea_pickle_n.png,16,16,pbr_map,below_512,512-block-item
assets/minecraft/textures/block/cactus_side_n.png,16,16,pbr_map,below_512,512-block-item
assets/minecraft/textures/block/composter_side_n.png,16,16,pbr_map,below_512,512-block-item
assets/minecraft/textures/block/deepslate_gold_ore_s.png,16,16,pbr_map,below_512,512-block-item
assets/minecraft/textures/block/glowstone_n.png,16,16,pbr_map,below_512,512-block-item
assets/minecraft/textures/block/purpur_pillar_top.png,16,16,base,below_512,512-block-item
assets/minecraft/textures/block/brown_stained_glass_pane_top.png,16,16,base,below_512,512-block-item
assets/minecraft/textures/block/raw_copper_block_n.png,16,16,pbr_map,below_512,512-block-item
assets/minecraft/textures/block/pink_stained_glass.png,16,16,base,below_512,512-block-item
assets/minecraft/textures/block/chain_s.png,16,16,pbr_map,below_512,512-block-item
assets/minecraft/textures/block/iron_bars_s.png,16,16,pbr_map,below_512,512-block-item
assets/minecraft/textures/block/exposed_cut_copper_n.png,16,16,pbr_map,below_512,512-block-item
assets/minecraft/textures/block/soul_soil_s.png,16,16,pbr_map,below_512,512-block-item
assets/minecraft/textures/block/amethyst_cluster_s.png,16,16,pbr_map,below_512,512-block-item
assets/minecraft/textures/block/soul_soil_n.png,16,16,pbr_map,below_512,512-block-item
assets/minecraft/textures/block/packed_mud.png,16,16,base,below_512,512-block-item
assets/minecraft/textures/block/green_wool.png,16,16,base,below_512,512-block-item
assets/minecraft/textures/block/piston_bottom_n.png,16,16,pbr_map,below_512,512-block-item
assets/minecraft/textures/block/barrel_side.png,16,16,base,below_512,512-block-item
assets/minecraft/textures/block/granite_n.png,16,16,pbr_map,below_512,512-block-item
assets/minecraft/textures/block/deepslate_emerald_ore_n.png,16,16,pbr_map,below_512,512-block-item
assets/minecraft/textures/block/large_amethyst_bud_n.png,16,16,pbr_map,below_512,512-block-item
assets/minecraft/textures/block/cauldron_inner_s.png,16,16,pbr_map,below_512,512-block-item
assets/minecraft/textures/block/lectern_top_n.png,16,16,pbr_map,below_512,512-block-item
assets/minecraft/textures/block/redstone_lamp_s.png,16,16,pbr_map,below_512,512-block-item
assets/minecraft/textures/block/melon_side_s.png,16,16,pbr_map,below_512,512-block-item
assets/minecraft/textures/block/sandstone_n.png,16,16,pbr_map,below_512,512-block-item
assets/minecraft/textures/block/lodestone_side.png,16,16,base,below_512,512-block-item
assets/minecraft/textures/block/red_stained_glass.png,16,16,base,below_512,512-block-item
assets/minecraft/textures/block/pink_wool.png,16,16,base,below_512,512-block-item
assets/minecraft/textures/block/birch_leaves_s.png,16,16,pbr_map,below_512,512-block-item
assets/minecraft/textures/block/nether_bricks_n.png,16,16,pbr_map,below_512,512-block-item
assets/minecraft/textures/block/jack_o_lantern.png,16,16,base,below_512,512-block-item
assets/minecraft/textures/block/green_candle_lit.png,16,16,base,below_512,512-block-item
assets/minecraft/textures/block/repeating_command_block_side_n.png,16,16,pbr_map,below_512,512-block-item
assets/minecraft/textures/block/polished_granite_s.png,16,16,pbr_map,below_512,512-block-item
assets/minecraft/textures/block/nether_quartz_ore_s.png,16,16,pbr_map,below_512,512-block-item
assets/minecraft/textures/block/mycelium_top.png,16,16,base,below_512,512-block-item
assets/minecraft/textures/block/lime_stained_glass_pane_top_n.png,16,16,pbr_map,below_512,512-block-item
assets/minecraft/textures/block/terracotta_s.png,16,16,pbr_map,below_512,512-block-item
assets/minecraft/textures/block/red_sand_n.png,16,16,pbr_map,below_512,512-block-item
assets/minecraft/textures/block/spruce_door_bottom.png,16,16,base,below_512,512-block-item
assets/minecraft/textures/block/stripped_spruce_log_top.png,16,16,base,below_512,512-block-item
assets/minecraft/textures/block/repeater_on_s.png,16,16,pbr_map,below_512,512-block-item
assets/minecraft/textures/block/green_glazed_terracotta_s.png,16,16,pbr_map,below_512,512-block-item
assets/minecraft/textures/block/acacia_trapdoor_s.png,16,16,pbr_map,below_512,512-block-item
assets/minecraft/textures/block/budding_amethyst_s.png,16,16,pbr_map,below_512,512-block-item
assets/minecraft/textures/block/grass_path_top.png,16,16,base,below_512,512-block-item
assets/minecraft/textures/block/red_wool.png,16,16,base,below_512,512-block-item
assets/minecraft/textures/block/dried_kelp_top_n.png,16,16,pbr_map,below_512,512-block-item
assets/minecraft/textures/block/wet_sponge_n.png,16,16,pbr_map,below_512,512-block-item
assets/minecraft/textures/block/warped_wart_block_s.png,16,16,pbr_map,below_512,512-block-item
assets/minecraft/textures/block/pearlescent_froglight_side.png,16,16,base,below_512,512-block-item
assets/minecraft/textures/block/acacia_planks.png,16,16,base,below_512,512-block-item
assets/minecraft/textures/block/fire_0.png,16,512,base,below_512,512-block-item
assets/minecraft/textures/block/brown_concrete.png,16,16,base,below_512,512-block-item
assets/minecraft/textures/block/pink_stained_glass_pane_top.png,16,16,base,below_512,512-block-item
assets/minecraft/textures/block/tuff_n.png,16,16,pbr_map,below_512,512-block-item
assets/minecraft/textures/block/stone_n.png,16,16,pbr_map,below_512,512-block-item
assets/minecraft/textures/block/spruce_planks.png,16,16,base,below_512,512-block-item
assets/minecraft/textures/block/activator_rail_on_n.png,16,16,pbr_map,below_512,512-block-item
assets/minecraft/textures/block/gold_block_s.png,16,16,pbr_map,below_512,512-block-item
assets/minecraft/textures/block/tnt_side_n.png,16,16,pbr_map,below_512,512-block-item
assets/minecraft/textures/block/stripped_jungle_log_top_s.png,16,16,pbr_map,below_512,512-block-item
assets/minecraft/textures/block/small_amethyst_bud_s.png,16,16,pbr_map,below_512,512-block-item
assets/minecraft/textures/block/polished_andesite_s.png,16,16,pbr_map,below_512,512-block-item
assets/minecraft/textures/block/ochre_froglight_top.png,16,16,base,below_512,512-block-item
assets/minecraft/textures/block/red_glazed_terracotta.png,16,16,base,below_512,512-block-item
assets/minecraft/textures/block/piston_top_s.png,16,16,pbr_map,below_512,512-block-item
assets/minecraft/textures/block/crafting_table_top.png,16,16,base,below_512,512-block-item
assets/minecraft/textures/block/redstone_lamp_n.png,16,16,pbr_map,below_512,512-block-item
assets/minecraft/textures/block/polished_diorite_s.png,16,16,pbr_map,below_512,512-block-item
assets/minecraft/textures/block/enchanting_table_bottom_n.png,16,16,pbr_map,below_512,512-block-item
assets/minecraft/textures/block/candle.png,16,16,base,below_512,512-block-item
assets/minecraft/textures/block/oak_planks.png,16,16,base,below_512,512-block-item
assets/minecraft/textures/block/chiseled_quartz_block_s.png,16,16,pbr_map,below_512,512-block-item
assets/minecraft/textures/block/mangrove_door_top_n.png,16,16,pbr_map,below_512,512-block-item
assets/minecraft/textures/block/light_gray_wool.png,16,16,base,below_512,512-block-item
assets/minecraft/textures/block/melon_top_s.png,16,16,pbr_map,below_512,512-block-item
assets/minecraft/textures/block/blackstone_s.png,16,16,pbr_map,below_512,512-block-item
assets/minecraft/textures/block/light_blue_candle.png,16,16,base,below_512,512-block-item
assets/minecraft/textures/block/dried_kelp_bottom.png,16,16,base,below_512,512-block-item
assets/minecraft/textures/block/item_frame.png,16,16,base,below_512,512-block-item
assets/minecraft/textures/block/itemframe_background_s.png,16,16,pbr_map,below_512,512-block-item
assets/minecraft/textures/block/podzol_top.png,16,16,base,below_512,512-block-item
assets/minecraft/textures/block/purple_glazed_terracotta_s.png,16,16,pbr_map,below_512,512-block-item
assets/minecraft/textures/block/oak_leaves.png,16,16,base,below_512,512-block-item
assets/minecraft/textures/block/basalt_top.png,16,16,base,below_512,512-block-item
assets/minecraft/textures/block/piston_top_sticky_s.png,16,16,pbr_map,below_512,512-block-item
assets/minecraft/textures/block/cartography_table_side2_s.png,16,16,pbr_map,below_512,512-block-item
assets/minecraft/textures/block/cherry_log_top.png,16,16,base,below_512,512-block-item
assets/minecraft/textures/block/black_candle_lit.png,16,16,base,below_512,512-block-item
assets/minecraft/textures/block/copper_ore_s.png,16,16,pbr_map,below_512,512-block-item
assets/minecraft/textures/block/iron_trapdoor_s.png,16,16,pbr_map,below_512,512-block-item
assets/minecraft/textures/block/snow_n.png,16,16,pbr_map,below_512,512-block-item
assets/minecraft/textures/block/cartography_table_side1_n.png,16,16,pbr_map,below_512,512-block-item
assets/minecraft/textures/block/enchanting_table_bottom_s.png,16,16,pbr_map,below_512,512-block-item
assets/minecraft/textures/block/deepslate_bricks_s.png,16,16,pbr_map,below_512,512-block-item
assets/minecraft/textures/block/white_terracotta.png,16,16,base,below_512,512-block-item
assets/minecraft/textures/block/calcite_s.png,16,16,pbr_map,below_512,512-block-item
assets/minecraft/textures/block/deepslate_n.png,16,16,pbr_map,below_512,512-block-item
assets/minecraft/textures/block/frosted_ice_1_s.png,16,16,pbr_map,below_512,512-block-item
assets/minecraft/textures/block/verdant_froglight_side_n.png,16,16,pbr_map,below_512,512-block-item
assets/minecraft/textures/block/stone_s.png,16,16,pbr_map,below_512,512-block-item
assets/minecraft/textures/block/lightning_rod_n.png,16,16,pbr_map,below_512,512-block-item
assets/minecraft/textures/block/chiseled_nether_bricks_s.png,16,16,pbr_map,below_512,512-block-item
assets/minecraft/textures/block/red_sandstone_top_s.png,16,16,pbr_map,below_512,512-block-item
assets/minecraft/textures/block/basalt_top_s.png,16,16,pbr_map,below_512,512-block-item
assets/minecraft/textures/block/dark_oak_door_bottom.png,16,16,base,below_512,512-block-item
assets/minecraft/textures/block/stripped_crimson_stem_top.png,16,16,base,below_512,512-block-item
assets/minecraft/textures/block/dirt_path_side_s.png,16,16,pbr_map,below_512,512-block-item
assets/minecraft/textures/block/flower_pot_s.png,16,16,pbr_map,below_512,512-block-item
assets/minecraft/textures/block/piston_side_s.png,16,16,pbr_map,below_512,512-block-item
assets/minecraft/textures/block/cobblestone_s.png,16,16,pbr_map,below_512,512-block-item
assets/minecraft/textures/block/cobblestone_n.png,16,16,pbr_map,below_512,512-block-item
assets/minecraft/textures/block/hopper_outside.png,16,16,base,below_512,512-block-item
assets/minecraft/textures/block/raw_iron_block.png,16,16,base,below_512,512-block-item
assets/minecraft/textures/block/lantern_n.png,16,16,pbr_map,below_512,512-block-item
assets/minecraft/textures/block/pearlescent_froglight_top.png,16,16,base,below_512,512-block-item
assets/minecraft/textures/block/frosted_ice_1.png,16,16,base,below_512,512-block-item
assets/minecraft/textures/block/chain_command_block_back.png,16,64,base,below_512,512-block-item
assets/minecraft/textures/block/warped_nylium.png,16,16,base,below_512,512-block-item
assets/minecraft/textures/block/lime_candle_lit_n.png,16,16,pbr_map,below_512,512-block-item
assets/minecraft/textures/block/crimson_trapdoor_n.png,16,16,pbr_map,below_512,512-block-item
assets/minecraft/textures/block/campfire_fire_s.png,16,16,pbr_map,below_512,512-block-item
assets/minecraft/textures/block/red_nether_bricks_s.png,16,16,pbr_map,below_512,512-block-item
assets/minecraft/textures/block/tuff_s.png,16,16,pbr_map,below_512,512-block-item
assets/minecraft/textures/block/spruce_leaves_s.png,16,16,pbr_map,below_512,512-block-item
assets/minecraft/textures/block/sandstone_top.png,16,16,base,below_512,512-block-item
assets/minecraft/textures/block/frosted_ice_2_n.png,16,16,pbr_map,below_512,512-block-item
assets/minecraft/textures/block/repeating_command_block_side_s.png,16,16,pbr_map,below_512,512-block-item
assets/minecraft/textures/block/magenta_concrete_powder.png,16,16,base,below_512,512-block-item
assets/minecraft/textures/block/barrel_side_n.png,16,16,pbr_map,below_512,512-block-item
assets/minecraft/textures/block/jungle_log_top_s.png,16,16,pbr_map,below_512,512-block-item
assets/minecraft/textures/block/repeating_command_block_front_s.png,16,16,pbr_map,below_512,512-block-item
assets/minecraft/textures/block/grindstone_side_s.png,16,16,pbr_map,below_512,512-block-item
assets/minecraft/textures/block/enchanting_table_top_s.png,16,16,pbr_map,below_512,512-block-item
assets/minecraft/textures/block/dark_oak_log.png,16,16,base,below_512,512-block-item
assets/minecraft/textures/block/yellow_glazed_terracotta_s.png,16,16,pbr_map,below_512,512-block-item
assets/minecraft/textures/block/quartz_block_top_s.png,16,16,pbr_map,below_512,512-block-item
assets/minecraft/textures/block/end_portal_frame_side.png,16,16,base,below_512,512-block-item
assets/minecraft/textures/block/bamboo_block_n.png,16,16,pbr_map,below_512,512-block-item
assets/minecraft/textures/block/bamboo_block_s.png,16,16,pbr_map,below_512,512-block-item
assets/minecraft/textures/block/cyan_glazed_terracotta_s.png,16,16,pbr_map,below_512,512-block-item
assets/minecraft/textures/block/reinforced_deepslate_side.png,16,16,base,below_512,512-block-item
assets/minecraft/textures/block/pink_concrete_powder.png,16,16,base,below_512,512-block-item
assets/minecraft/textures/block/deepslate_tiles_s.png,16,16,pbr_map,below_512,512-block-item
assets/minecraft/textures/block/gray_terracotta.png,16,16,base,below_512,512-block-item
assets/minecraft/textures/block/deepslate_iron_ore_s.png,16,16,pbr_map,below_512,512-block-item
assets/minecraft/textures/block/rail_corner.png,16,16,base,below_512,512-block-item
assets/minecraft/textures/block/azalea_leaves.png,16,16,base,below_512,512-block-item
assets/minecraft/textures/block/bamboo_block_top_s.png,16,16,pbr_map,below_512,512-block-item
assets/minecraft/textures/block/redstone_lamp_on_s.png,16,16,pbr_map,below_512,512-block-item
assets/minecraft/textures/block/iron_block_n.png,16,16,pbr_map,below_512,512-block-item
assets/minecraft/textures/block/redstone_block.png,16,16,base,below_512,512-block-item
assets/minecraft/textures/block/purpur_pillar.png,16,16,base,below_512,512-block-item
assets/minecraft/textures/block/light_blue_glazed_terracotta_n.png,16,16,pbr_map,below_512,512-block-item
assets/minecraft/textures/block/redstone_torch_off.png,16,16,base,below_512,512-block-item
assets/minecraft/textures/block/anvil.png,16,16,base,below_512,512-block-item
assets/minecraft/textures/block/deepslate_gold_ore_n.png,16,16,pbr_map,below_512,512-block-item
assets/minecraft/textures/block/furnace_front_n.png,16,16,pbr_map,below_512,512-block-item
assets/minecraft/textures/block/tnt_top_s.png,16,16,pbr_map,below_512,512-block-item
assets/minecraft/textures/block/sugar_cane_n.png,16,16,pbr_map,below_512,512-block-item
assets/minecraft/textures/block/deepslate_emerald_ore.png,16,16,base,below_512,512-block-item
assets/minecraft/textures/block/stripped_jungle_log_s.png,16,16,pbr_map,below_512,512-block-item
assets/minecraft/textures/block/detector_rail_on_n.png,16,16,pbr_map,below_512,512-block-item
assets/minecraft/textures/block/cauldron_top_s.png,16,16,pbr_map,below_512,512-block-item
assets/minecraft/textures/block/quartz_block_top_n.png,16,16,pbr_map,below_512,512-block-item
assets/minecraft/textures/block/soul_torch.png,16,16,base,below_512,512-block-item
assets/minecraft/textures/block/polished_basalt_side.png,16,16,base,below_512,512-block-item
assets/minecraft/textures/block/jungle_door_top_n.png,16,16,pbr_map,below_512,512-block-item
assets/minecraft/textures/block/dark_oak_door_top_n.png,16,16,pbr_map,below_512,512-block-item
assets/minecraft/textures/block/daylight_detector_inverted_top_n.png,16,16,pbr_map,below_512,512-block-item
assets/minecraft/textures/block/podzol_top_n.png,16,16,pbr_map,below_512,512-block-item
assets/minecraft/textures/block/dropper_front_vertical.png,16,16,base,below_512,512-block-item
assets/minecraft/textures/block/command_block_front.png,16,64,base,below_512,512-block-item
assets/minecraft/textures/block/jack_o_lantern_n.png,16,16,pbr_map,below_512,512-block-item
assets/minecraft/textures/block/birch_log_s.png,16,16,pbr_map,below_512,512-block-item
assets/minecraft/textures/block/orange_glazed_terracotta_s.png,16,16,pbr_map,below_512,512-block-item
assets/minecraft/textures/block/smithing_table_top.png,16,16,base,below_512,512-block-item
assets/minecraft/textures/block/nether_portal_s.png,16,16,pbr_map,below_512,512-block-item
assets/minecraft/textures/block/composter_compost_n.png,16,16,pbr_map,below_512,512-block-item
assets/minecraft/textures/block/torch_n.png,16,16,pbr_map,below_512,512-block-item
assets/minecraft/textures/block/chiseled_quartz_block_top_s.png,16,16,pbr_map,below_512,512-block-item
assets/minecraft/textures/block/pink_candle_lit.png,16,16,base,below_512,512-block-item
assets/minecraft/textures/block/polished_blackstone_n.png,16,16,pbr_map,below_512,512-block-item
assets/minecraft/textures/block/stone_bricks.png,16,16,base,below_512,512-block-item
assets/minecraft/textures/block/chipped_anvil_top_s.png,16,16,pbr_map,below_512,512-block-item
assets/minecraft/textures/block/podzol_side_n.png,16,16,pbr_map,below_512,512-block-item
assets/minecraft/textures/block/smoker_bottom_s.png,16,16,pbr_map,below_512,512-block-item
assets/minecraft/textures/block/barrel_top_s.png,16,16,pbr_map,below_512,512-block-item
assets/minecraft/textures/block/bedrock_n.png,16,16,pbr_map,below_512,512-block-item
assets/minecraft/textures/block/purpur_block.png,16,16,base,below_512,512-block-item
assets/minecraft/textures/block/blue_ice_s.png,16,16,pbr_map,below_512,512-block-item
assets/minecraft/textures/block/orange_glazed_terracotta_n.png,16,16,pbr_map,below_512,512-block-item
assets/minecraft/textures/block/target_side.png,16,16,base,below_512,512-block-item
assets/minecraft/textures/block/shroomlight_s.png,16,16,pbr_map,below_512,512-block-item
assets/minecraft/textures/block/stone.png,16,16,base,below_512,512-block-item
assets/minecraft/textures/block/grass_block_snow_n.png,16,16,pbr_map,below_512,512-block-item
assets/minecraft/textures/block/mangrove_planks.png,16,16,base,below_512,512-block-item
assets/minecraft/textures/block/warped_trapdoor.png,16,16,base,below_512,512-block-item
assets/minecraft/textures/block/anvil_n.png,16,16,pbr_map,below_512,512-block-item
assets/minecraft/textures/block/barrel_bottom_s.png,16,16,pbr_map,below_512,512-block-item
assets/minecraft/textures/block/mangrove_log.png,16,16,base,below_512,512-block-item
assets/minecraft/textures/block/prismarine_bricks_s.png,16,16,pbr_map,below_512,512-block-item
assets/minecraft/textures/block/crafting_table_top_n.png,16,16,pbr_map,below_512,512-block-item
assets/minecraft/textures/block/sandstone_bottom.png,16,16,base,below_512,512-block-item
assets/minecraft/textures/block/ochre_froglight_top_n.png,16,16,pbr_map,below_512,512-block-item
assets/minecraft/textures/block/copper_block_n.png,16,16,pbr_map,below_512,512-block-item
assets/minecraft/textures/block/weeping_vines_plant_n.png,16,16,pbr_map,below_512,512-block-item
assets/minecraft/textures/block/red_sandstone.png,16,16,base,below_512,512-block-item
assets/minecraft/textures/block/pumpkin_top.png,16,16,base,below_512,512-block-item
assets/minecraft/textures/block/cake_top.png,16,16,base,below_512,512-block-item
assets/minecraft/textures/block/crafting_table_side_s.png,16,16,pbr_map,below_512,512-block-item
assets/minecraft/textures/block/birch_planks_n.png,16,16,pbr_map,below_512,512-block-item
assets/minecraft/textures/block/pointed_dripstone_down_frustum.png,16,16,base,below_512,512-block-item
assets/minecraft/textures/block/basalt_side_n.png,16,16,pbr_map,below_512,512-block-item
assets/minecraft/textures/block/chain_command_block_side.png,16,64,base,below_512,512-block-item
assets/minecraft/textures/block/composter_bottom_s.png,16,16,pbr_map,below_512,512-block-item
assets/minecraft/textures/block/brown_wool.png,16,16,base,below_512,512-block-item
assets/minecraft/textures/block/blackstone_top.png,16,16,base,below_512,512-block-item
assets/minecraft/textures/block/bell_bottom_n.png,16,16,pbr_map,below_512,512-block-item
assets/minecraft/textures/block/daylight_detector_side_s.png,16,16,pbr_map,below_512,512-block-item
assets/minecraft/textures/block/mangrove_planks_n.png,16,16,pbr_map,below_512,512-block-item
assets/minecraft/textures/block/birch_trapdoor_s.png,16,16,pbr_map,below_512,512-block-item
assets/minecraft/textures/block/furnace_side_n.png,16,16,pbr_map,below_512,512-block-item
assets/minecraft/textures/block/dried_kelp_top_s.png,16,16,pbr_map,below_512,512-block-item
assets/minecraft/textures/block/oak_log_top_s.png,16,16,pbr_map,below_512,512-block-item
assets/minecraft/textures/block/powder_snow_n.png,16,16,pbr_map,below_512,512-block-item
assets/minecraft/textures/block/campfire_log_n.png,16,16,pbr_map,below_512,512-block-item
assets/minecraft/textures/block/candle_lit.png,16,16,base,below_512,512-block-item
assets/minecraft/textures/block/vine_s.png,16,16,pbr_map,below_512,512-block-item
assets/minecraft/textures/block/dirt_path_side.png,16,16,base,below_512,512-block-item
assets/minecraft/textures/block/cyan_stained_glass.png,16,16,base,below_512,512-block-item
assets/minecraft/textures/block/ancient_debris_side.png,16,16,base,below_512,512-block-item
assets/minecraft/textures/block/smooth_stone_slab_side_s.png,16,16,pbr_map,below_512,512-block-item
assets/minecraft/textures/block/reinforced_deepslate_bottom.png,16,16,base,below_512,512-block-item
assets/minecraft/textures/block/farmland_n.png,16,16,pbr_map,below_512,512-block-item
assets/minecraft/textures/block/stripped_mangrove_log.png,16,16,base,below_512,512-block-item
assets/minecraft/textures/block/blast_furnace_side.png,16,16,base,below_512,512-block-item
assets/minecraft/textures/block/furnace_top_n.png,16,16,pbr_map,below_512,512-block-item
assets/minecraft/textures/block/acacia_door_top_s.png,16,16,pbr_map,below_512,512-block-item
assets/minecraft/textures/block/ice.png,16,16,base,below_512,512-block-item
assets/minecraft/textures/block/grindstone_round.png,16,16,base,below_512,512-block-item
assets/minecraft/textures/block/coal_block_n.png,16,16,pbr_map,below_512,512-block-item
assets/minecraft/textures/block/brown_concrete_powder.png,16,16,base,below_512,512-block-item
assets/minecraft/textures/block/honeycomb_block.png,16,16,base,below_512,512-block-item
assets/minecraft/textures/block/moss_block_n.png,16,16,pbr_map,below_512,512-block-item
assets/minecraft/textures/block/sea_lantern_n.png,16,16,pbr_map,below_512,512-block-item
assets/minecraft/textures/block/mycelium_top_s.png,16,16,pbr_map,below_512,512-block-item
assets/minecraft/textures/block/reinforced_deepslate_top.png,16,16,base,below_512,512-block-item
assets/minecraft/textures/block/deepslate_coal_ore_n.png,16,16,pbr_map,below_512,512-block-item
assets/minecraft/textures/block/cracked_nether_bricks_n.png,16,16,pbr_map,below_512,512-block-item
assets/minecraft/textures/block/magenta_concrete.png,16,16,base,below_512,512-block-item
assets/minecraft/textures/block/mangrove_door_bottom.png,16,16,base,below_512,512-block-item
assets/minecraft/textures/block/activator_rail.png,16,16,base,below_512,512-block-item
assets/minecraft/textures/block/glowstone.png,16,16,base,below_512,512-block-item
assets/minecraft/textures/block/red_candle.png,16,16,base,below_512,512-block-item
assets/minecraft/textures/block/birch_planks_s.png,16,16,pbr_map,below_512,512-block-item
assets/minecraft/textures/block/lodestone_top.png,16,16,base,below_512,512-block-item
assets/minecraft/textures/block/rail.png,16,16,base,below_512,512-block-item
assets/minecraft/textures/block/bedrock.png,16,16,base,below_512,512-block-item
assets/minecraft/textures/block/dead_tube_coral_block_n.png,16,16,pbr_map,below_512,512-block-item
assets/minecraft/textures/block/dark_oak_leaves_n.png,16,16,pbr_map,below_512,512-block-item
assets/minecraft/textures/block/red_nether_bricks.png,16,16,base,below_512,512-block-item
assets/minecraft/textures/block/quartz_pillar_n.png,16,16,pbr_map,below_512,512-block-item
assets/minecraft/textures/block/light_gray_candle.png,16,16,base,below_512,512-block-item
assets/minecraft/textures/block/stonecutter_bottom_s.png,16,16,pbr_map,below_512,512-block-item
assets/minecraft/textures/block/hopper_top_n.png,16,16,pbr_map,below_512,512-block-item
assets/minecraft/textures/block/grass_block_side_overlay_s.png,16,16,pbr_map,below_512,512-block-item
assets/minecraft/textures/block/purple_glazed_terracotta_n.png,16,16,pbr_map,below_512,512-block-item
assets/minecraft/textures/block/end_stone_n.png,16,16,pbr_map,below_512,512-block-item
assets/minecraft/textures/block/dead_horn_coral_block_s.png,16,16,pbr_map,below_512,512-block-item
assets/minecraft/textures/block/warped_door_bottom_s.png,16,16,pbr_map,below_512,512-block-item
assets/minecraft/textures/block/acacia_leaves.png,16,16,base,below_512,512-block-item
assets/minecraft/textures/block/grey_stained_glass_s.png,16,16,pbr_map,below_512,512-block-item
assets/minecraft/textures/block/pointed_dripstone_up_tip_merge.png,16,16,base,below_512,512-block-item
assets/minecraft/textures/block/cactus_top_s.png,16,16,pbr_map,below_512,512-block-item
assets/minecraft/textures/block/dropper_front.png,16,16,base,below_512,512-block-item
assets/minecraft/textures/block/crimson_stem.png,16,80,base,below_512,512-block-item
assets/minecraft/textures/block/raw_gold_block_s.png,16,16,pbr_map,below_512,512-block-item
assets/minecraft/textures/block/crimson_nylium_n.png,16,16,pbr_map,below_512,512-block-item
assets/minecraft/textures/block/pearlescent_froglight_top_s.png,16,16,pbr_map,below_512,512-block-item
assets/minecraft/textures/block/detector_rail_on_s.png,16,16,pbr_map,below_512,512-block-item
assets/minecraft/textures/block/redstone_dust_line0_n.png,16,16,pbr_map,below_512,512-block-item
assets/minecraft/textures/block/command_block_front_s.png,16,16,pbr_map,below_512,512-block-item
assets/minecraft/textures/block/grass_block_snow_s.png,16,16,pbr_map,below_512,512-block-item
assets/minecraft/textures/block/cracked_deepslate_tiles.png,16,16,base,below_512,512-block-item
assets/minecraft/textures/block/frosted_ice_0_s.png,16,16,pbr_map,below_512,512-block-item
assets/minecraft/textures/block/coal_ore.png,16,16,base,below_512,512-block-item
assets/minecraft/textures/block/glow_lichen_s.png,16,16,pbr_map,below_512,512-block-item
assets/minecraft/textures/block/dead_bubble_coral_block.png,16,16,base,below_512,512-block-item
assets/minecraft/textures/block/birch_log_n.png,16,16,pbr_map,below_512,512-block-item
assets/minecraft/textures/block/lime_terracotta_n.png,16,16,pbr_map,below_512,512-block-item
assets/minecraft/textures/block/redstone_block_s.png,16,16,pbr_map,below_512,512-block-item
assets/minecraft/textures/block/red_sandstone_s.png,16,16,pbr_map,below_512,512-block-item
assets/minecraft/textures/block/tnt_side.png,16,16,base,below_512,512-block-item
assets/minecraft/textures/block/dark_oak_planks.png,16,16,base,below_512,512-block-item
assets/minecraft/textures/block/blast_furnace_front_n.png,16,16,pbr_map,below_512,512-block-item
assets/minecraft/textures/block/magenta_candle_lit.png,16,16,base,below_512,512-block-item
assets/minecraft/textures/block/blast_furnace_front_on_s.png,16,16,pbr_map,below_512,512-block-item
assets/minecraft/textures/block/grass_path_side.png,16,16,base,below_512,512-block-item
assets/minecraft/textures/block/quartz_block_side.png,16,16,base,below_512,512-block-item
assets/minecraft/textures/block/large_amethyst_bud_s.png,16,16,pbr_map,below_512,512-block-item
assets/minecraft/textures/block/cyan_glazed_terracotta.png,16,16,base,below_512,512-block-item
assets/minecraft/textures/block/smoker_side.png,16,16,base,below_512,512-block-item
assets/minecraft/textures/block/bubble_coral_block.png,16,16,base,below_512,512-block-item
assets/minecraft/textures/block/soul_campfire_log_lit_s.png,16,16,pbr_map,below_512,512-block-item
assets/minecraft/textures/block/detector_rail_n.png,16,16,pbr_map,below_512,512-block-item
assets/minecraft/textures/block/lightning_rod.png,16,16,base,below_512,512-block-item
assets/minecraft/textures/block/exposed_cut_copper_s.png,16,16,pbr_map,below_512,512-block-item
assets/minecraft/textures/block/cauldron_bottom_n.png,16,16,pbr_map,below_512,512-block-item
assets/minecraft/textures/block/dispenser_front_n.png,16,16,pbr_map,below_512,512-block-item
assets/minecraft/textures/block/reinforced_deepslate_top_s.png,16,16,pbr_map,below_512,512-block-item
assets/minecraft/textures/block/loom_top_n.png,16,16,pbr_map,below_512,512-block-item
assets/minecraft/textures/block/cracked_stone_bricks.png,16,16,base,below_512,512-block-item
assets/minecraft/textures/block/birch_trapdoor_n.png,16,16,pbr_map,below_512,512-block-item
assets/minecraft/textures/block/budding_amethyst.png,16,16,base,below_512,512-block-item
assets/minecraft/textures/block/bamboo_stalk.png,16,16,base,below_512,512-block-item
assets/minecraft/textures/block/cut_red_sandstone_s.png,16,16,pbr_map,below_512,512-block-item
assets/minecraft/textures/block/sand_n.png,16,16,pbr_map,below_512,512-block-item
assets/minecraft/textures/block/light_gray_candle_lit.png,16,16,base,below_512,512-block-item
assets/minecraft/textures/block/furnace_front.png,16,16,base,below_512,512-block-item
assets/minecraft/textures/block/emerald_ore_s.png,16,16,pbr_map,below_512,512-block-item
assets/minecraft/textures/block/crimson_nylium_s.png,16,16,pbr_map,below_512,512-block-item
assets/minecraft/textures/block/green_glazed_terracotta.png,16,16,base,below_512,512-block-item
assets/minecraft/textures/block/deepslate_tiles.png,16,16,base,below_512,512-block-item
assets/minecraft/textures/block/stripped_mangrove_log_n.png,16,16,pbr_map,below_512,512-block-item
assets/minecraft/textures/block/jungle_log_s.png,16,16,pbr_map,below_512,512-block-item
assets/minecraft/textures/block/spruce_log_n.png,16,16,pbr_map,below_512,512-block-item
assets/minecraft/textures/block/netherite_block_s.png,16,16,pbr_map,below_512,512-block-item
assets/minecraft/textures/block/farmland_moist_n.png,16,16,pbr_map,below_512,512-block-item
assets/minecraft/textures/block/scaffolding_top.png,16,16,base,below_512,512-block-item
assets/minecraft/textures/block/polished_basalt_top_n.png,16,16,pbr_map,below_512,512-block-item
assets/minecraft/textures/block/lectern_sides_n.png,16,16,pbr_map,below_512,512-block-item
assets/minecraft/textures/block/cracked_deepslate_bricks_s.png,16,16,pbr_map,below_512,512-block-item
assets/minecraft/textures/block/glass_pane_top_s.png,16,16,pbr_map,below_512,512-block-item
assets/minecraft/textures/block/rooted_dirt_n.png,16,16,pbr_map,below_512,512-block-item
assets/minecraft/textures/block/coarse_dirt_s.png,16,16,pbr_map,below_512,512-block-item
assets/minecraft/textures/block/mangrove_log_top_s.png,16,16,pbr_map,below_512,512-block-item
assets/minecraft/textures/block/cauldron_inner_n.png,16,16,pbr_map,below_512,512-block-item
assets/minecraft/textures/block/black_candle.png,16,16,base,below_512,512-block-item
assets/minecraft/textures/block/verdant_froglight_top_n.png,16,16,pbr_map,below_512,512-block-item
assets/minecraft/textures/block/spawner_s.png,16,16,pbr_map,below_512,512-block-item
assets/minecraft/textures/block/cartography_table_top_s.png,16,16,pbr_map,below_512,512-block-item
assets/minecraft/textures/block/comparator_n.png,16,16,pbr_map,below_512,512-block-item
assets/minecraft/textures/block/gravel.png,16,16,base,below_512,512-block-item
assets/minecraft/textures/block/iron_door_top_s.png,16,16,pbr_map,below_512,512-block-item
assets/minecraft/textures/block/clay_s.png,16,16,pbr_map,below_512,512-block-item
assets/minecraft/textures/block/netherite_block_n.png,16,16,pbr_map,below_512,512-block-item
assets/minecraft/textures/block/nether_gold_ore.png,16,16,base,below_512,512-block-item
assets/minecraft/textures/block/muddy_mangrove_roots_top_s.png,16,16,pbr_map,below_512,512-block-item
assets/minecraft/textures/block/mangrove_log_s.png,16,16,pbr_map,below_512,512-block-item
assets/minecraft/textures/block/acacia_trapdoor_n.png,16,16,pbr_map,below_512,512-block-item
assets/minecraft/textures/block/acacia_door_bottom_n.png,16,16,pbr_map,below_512,512-block-item
assets/minecraft/textures/block/end_portal_frame_eye.png,16,16,base,below_512,512-block-item
assets/minecraft/textures/block/composter_top_n.png,16,16,pbr_map,below_512,512-block-item
assets/minecraft/textures/block/reinforced_deepslate_top_n.png,16,16,pbr_map,below_512,512-block-item
assets/minecraft/textures/block/bone_block_side_s.png,16,16,pbr_map,below_512,512-block-item
assets/minecraft/textures/block/stripped_mangrove_log_top_n.png,16,16,pbr_map,below_512,512-block-item
assets/minecraft/textures/block/pointed_dripstone_down_frustum_n.png,16,16,pbr_map,below_512,512-block-item
assets/minecraft/textures/block/ice_s.png,16,16,pbr_map,below_512,512-block-item
assets/minecraft/textures/block/tnt_bottom.png,16,16,base,below_512,512-block-item
assets/minecraft/textures/block/acacia_log_top_s.png,16,16,pbr_map,below_512,512-block-item
assets/minecraft/textures/block/smoker_side_s.png,16,16,pbr_map,below_512,512-block-item
assets/minecraft/textures/block/cauldron_side_s.png,16,16,pbr_map,below_512,512-block-item
assets/minecraft/textures/block/lapis_block_n.png,16,16,pbr_map,below_512,512-block-item
assets/minecraft/textures/block/quartz_pillar_top_n.png,16,16,pbr_map,below_512,512-block-item
assets/minecraft/textures/block/crafting_table_side.png,16,16,base,below_512,512-block-item
assets/minecraft/textures/block/birch_door_top_n.png,16,16,pbr_map,below_512,512-block-item
assets/minecraft/textures/block/note_block.png,16,16,base,below_512,512-block-item
assets/minecraft/textures/block/dead_horn_coral_block_n.png,16,16,pbr_map,below_512,512-block-item
assets/minecraft/textures/block/warped_stem_s.png,16,16,pbr_map,below_512,512-block-item
assets/minecraft/textures/block/campfire_fire.png,16,128,base,below_512,512-block-item
assets/minecraft/textures/block/repeating_command_block_front_n.png,16,16,pbr_map,below_512,512-block-item
assets/minecraft/textures/block/yellow_concrete_powder.png,16,16,base,below_512,512-block-item
assets/minecraft/textures/block/dispenser_front_vertical.png,16,16,base,below_512,512-block-item
assets/minecraft/textures/block/spruce_door_top_n.png,16,16,pbr_map,below_512,512-block-item
assets/minecraft/textures/block/end_stone.png,16,16,base,below_512,512-block-item
assets/minecraft/textures/block/chiseled_red_sandstone.png,16,16,base,below_512,512-block-item
assets/minecraft/textures/block/oak_door_bottom_s.png,16,16,pbr_map,below_512,512-block-item
assets/minecraft/textures/block/purple_concrete.png,16,16,base,below_512,512-block-item
assets/minecraft/textures/block/polished_andesite.png,16,16,base,below_512,512-block-item
assets/minecraft/textures/block/command_block_back.png,16,64,base,below_512,512-block-item
assets/minecraft/textures/block/chain_command_block_conditional_n.png,16,16,pbr_map,below_512,512-block-item
assets/minecraft/textures/block/jukebox_top_n.png,16,16,pbr_map,below_512,512-block-item
assets/minecraft/textures/block/command_block_back_n.png,16,16,pbr_map,below_512,512-block-item
assets/minecraft/textures/block/cherry_planks_s.png,16,16,pbr_map,below_512,512-block-item
assets/minecraft/textures/block/warped_wart_block_n.png,16,16,pbr_map,below_512,512-block-item
assets/minecraft/textures/block/magma.png,16,48,base,below_512,512-block-item
assets/minecraft/textures/block/powered_rail_on_s.png,16,16,pbr_map,below_512,512-block-item
assets/minecraft/textures/block/target_side_s.png,16,16,pbr_map,below_512,512-block-item
assets/minecraft/textures/block/dropper_front_s.png,16,16,pbr_map,below_512,512-block-item
assets/minecraft/textures/block/tuff.png,16,16,base,below_512,512-block-item
assets/minecraft/textures/block/stripped_warped_stem_top_s.png,16,16,pbr_map,below_512,512-block-item
assets/minecraft/textures/block/red_sand.png,16,16,base,below_512,512-block-item
assets/minecraft/textures/block/dead_bubble_coral_block_s.png,16,16,pbr_map,below_512,512-block-item
assets/minecraft/textures/block/pink_candle.png,16,16,base,below_512,512-block-item
assets/minecraft/textures/block/cauldron_bottom_s.png,16,16,pbr_map,below_512,512-block-item
assets/minecraft/textures/block/anvil_top.png,16,16,base,below_512,512-block-item
assets/minecraft/textures/block/mangrove_roots_top_s.png,16,16,pbr_map,below_512,512-block-item
assets/minecraft/textures/block/soul_lantern_s.png,16,16,pbr_map,below_512,512-block-item
assets/minecraft/textures/block/birch_door_bottom_n.png,16,16,pbr_map,below_512,512-block-item
assets/minecraft/textures/block/polished_deepslate_s.png,16,16,pbr_map,below_512,512-block-item
assets/minecraft/textures/block/warped_nylium_s.png,16,16,pbr_map,below_512,512-block-item
assets/minecraft/textures/block/crimson_stem_top.png,16,16,base,below_512,512-block-item
assets/minecraft/textures/block/carved_pumpkin.png,16,16,base,below_512,512-block-item
assets/minecraft/textures/block/pointed_dripstone_down_base_s.png,16,16,pbr_map,below_512,512-block-item
assets/minecraft/textures/block/scaffolding_bottom_s.png,16,16,pbr_map,below_512,512-block-item
assets/minecraft/textures/block/stripped_oak_log.png,16,16,base,below_512,512-block-item
assets/minecraft/textures/block/grass.png,16,16,base,below_512,512-block-item
assets/minecraft/textures/block/chiseled_deepslate.png,16,16,base,below_512,512-block-item
assets/minecraft/textures/block/dried_kelp_bottom_s.png,16,16,pbr_map,below_512,512-block-item
assets/minecraft/textures/block/magenta_stained_glass.png,16,16,base,below_512,512-block-item
assets/minecraft/textures/block/stonecutter_bottom_n.png,16,16,pbr_map,below_512,512-block-item
assets/minecraft/textures/block/hay_block_side_s.png,16,16,pbr_map,below_512,512-block-item
assets/minecraft/textures/block/spruce_log_s.png,16,16,pbr_map,below_512,512-block-item
assets/minecraft/textures/block/jungle_oak_log_s.png,16,16,pbr_map,below_512,512-block-item
assets/minecraft/textures/block/horn_coral_block.png,16,16,base,below_512,512-block-item
assets/minecraft/textures/block/emerald_ore.png,16,16,base,below_512,512-block-item
assets/minecraft/textures/block/chain_command_block_front.png,16,64,base,below_512,512-block-item
assets/minecraft/textures/block/enchanting_table_side_s.png,16,16,pbr_map,below_512,512-block-item
assets/minecraft/textures/block/cut_copper.png,16,16,base,below_512,512-block-item
assets/minecraft/textures/block/polished_blackstone.png,16,16,base,below_512,512-block-item
assets/minecraft/textures/block/packed_ice_n.png,16,16,pbr_map,below_512,512-block-item
assets/minecraft/textures/block/stripped_oak_log_top_s.png,16,16,pbr_map,below_512,512-block-item
assets/minecraft/textures/block/jungle_trapdoor.png,16,16,base,below_512,512-block-item
assets/minecraft/textures/block/sea_lantern.png,16,80,base,below_512,512-block-item
assets/minecraft/textures/block/lapis_block_s.png,16,16,pbr_map,below_512,512-block-item
assets/minecraft/textures/block/fletching_table_top_s.png,16,16,pbr_map,below_512,512-block-item
assets/minecraft/textures/block/yellow_terracotta.png,16,16,base,below_512,512-block-item
assets/minecraft/textures/block/dirt_path_top_s.png,16,16,pbr_map,below_512,512-block-item
assets/minecraft/textures/block/orange_concrete.png,16,16,base,below_512,512-block-item
assets/minecraft/textures/block/mushroom_stem_n.png,16,16,pbr_map,below_512,512-block-item
assets/minecraft/textures/block/jungle_log_n.png,16,16,pbr_map,below_512,512-block-item
assets/minecraft/textures/block/detector_rail_on.png,16,16,base,below_512,512-block-item
assets/minecraft/textures/block/chiseled_deepslate_n.png,16,16,pbr_map,below_512,512-block-item
assets/minecraft/textures/block/blue_terracotta.png,16,16,base,below_512,512-block-item
assets/minecraft/textures/block/pointed_dripstone_down_middle_n.png,16,16,pbr_map,below_512,512-block-item
assets/minecraft/textures/block/blue_candle_lit.png,16,16,base,below_512,512-block-item
assets/minecraft/textures/block/birch_trapdoor.png,16,16,base,below_512,512-block-item
assets/minecraft/textures/block/target_top_s.png,16,16,pbr_map,below_512,512-block-item
assets/minecraft/textures/block/chain_command_block_side_n.png,16,16,pbr_map,below_512,512-block-item
assets/minecraft/textures/block/quartz_block_bottom.png,16,16,base,below_512,512-block-item
assets/minecraft/textures/block/bookshelf_s.png,16,16,pbr_map,below_512,512-block-item
assets/minecraft/textures/block/composter_compost_s.png,16,16,pbr_map,below_512,512-block-item
assets/minecraft/textures/block/iron_door_top_n.png,16,16,pbr_map,below_512,512-block-item
assets/minecraft/textures/block/verdant_froglight_side_s.png,16,16,pbr_map,below_512,512-block-item
assets/minecraft/textures/block/smithing_table_bottom_n.png,16,16,pbr_map,below_512,512-block-item
assets/minecraft/textures/block/activator_rail_on_s.png,16,16,pbr_map,below_512,512-block-item
assets/minecraft/textures/block/lava_flow.png,32,512,base,below_512,512-block-item
assets/minecraft/textures/block/spruce_trapdoor.png,16,16,base,below_512,512-block-item
assets/minecraft/textures/block/rail_corner_s.png,16,16,pbr_map,below_512,512-block-item
assets/minecraft/textures/block/tall_grass_bottom.png,16,16,base,below_512,512-block-item
assets/minecraft/textures/block/dark_oak_log_n.png,16,16,pbr_map,below_512,512-block-item
assets/minecraft/textures/block/smoker_front.png,16,16,base,below_512,512-block-item
assets/minecraft/textures/block/bell_side_s.png,16,16,pbr_map,below_512,512-block-item
assets/minecraft/textures/block/tube_coral_block_n.png,16,16,pbr_map,below_512,512-block-item
assets/minecraft/textures/block/stripped_jungle_log_top.png,16,16,base,below_512,512-block-item
assets/minecraft/textures/block/mangrove_door_top.png,16,16,base,below_512,512-block-item
assets/minecraft/textures/block/chiseled_polished_blackstone_s.png,16,16,pbr_map,below_512,512-block-item
assets/minecraft/textures/block/magenta_glazed_terracotta_s.png,16,16,pbr_map,below_512,512-block-item
assets/minecraft/textures/block/composter_bottom.png,16,16,base,below_512,512-block-item
assets/minecraft/textures/block/pointed_dripstone_up_base.png,16,16,base,below_512,512-block-item
assets/minecraft/textures/block/lectern_top.png,16,16,base,below_512,512-block-item
assets/minecraft/textures/block/mud_bricks.png,16,16,base,below_512,512-block-item
assets/minecraft/textures/block/dark_oak_door_bottom_n.png,16,16,pbr_map,below_512,512-block-item
assets/minecraft/textures/block/grass_block_snow.png,16,16,base,below_512,512-block-item
assets/minecraft/textures/block/comparator.png,16,16,base,below_512,512-block-item
assets/minecraft/textures/block/stripped_acacia_log.png,16,16,base,below_512,512-block-item
assets/minecraft/textures/block/dispenser_front.png,16,16,base,below_512,512-block-item
assets/minecraft/textures/block/blue_stained_glass.png,16,16,base,below_512,512-block-item
assets/minecraft/textures/block/deepslate_iron_ore.png,16,16,base,below_512,512-block-item
assets/minecraft/textures/block/gray_wool.png,16,16,base,below_512,512-block-item
assets/minecraft/textures/block/raw_iron_block_n.png,16,16,pbr_map,below_512,512-block-item
assets/minecraft/textures/block/honey_block_top_s.png,16,16,pbr_map,below_512,512-block-item
assets/minecraft/textures/block/cauldron_bottom.png,16,16,base,below_512,512-block-item
assets/minecraft/textures/block/dark_oak_door_top.png,16,16,base,below_512,512-block-item
assets/minecraft/textures/block/command_block_conditional.png,16,64,base,below_512,512-block-item
assets/minecraft/textures/block/polished_granite.png,16,16,base,below_512,512-block-item
assets/minecraft/textures/block/fletching_table_front.png,16,16,base,below_512,512-block-item
assets/minecraft/textures/block/gray_candle_lit.png,16,16,base,below_512,512-block-item
assets/minecraft/textures/block/enchanting_table_bottom.png,16,16,base,below_512,512-block-item
assets/minecraft/textures/block/nether_portal.png,16,512,base,below_512,512-block-item
assets/minecraft/textures/block/cracked_nether_bricks_s.png,16,16,pbr_map,below_512,512-block-item
assets/minecraft/textures/block/pointed_dripstone_up_tip_merge_n.png,16,16,pbr_map,below_512,512-block-item
assets/minecraft/textures/block/dead_brain_coral_block_n.png,16,16,pbr_map,below_512,512-block-item
assets/minecraft/textures/block/diamond_block_s.png,16,16,pbr_map,below_512,512-block-item
assets/minecraft/textures/block/barrel_top_open_s.png,16,16,pbr_map,below_512,512-block-item
assets/minecraft/textures/block/black_concrete.png,16,16,base,below_512,512-block-item
assets/minecraft/textures/block/hay_block_side.png,16,16,base,below_512,512-block-item
assets/minecraft/textures/block/smithing_table_side_n.png,16,16,pbr_map,below_512,512-block-item
assets/minecraft/textures/block/red_mushroom_n.png,16,16,pbr_map,below_512,512-block-item
assets/minecraft/textures/block/reinforced_deepslate_bottom_n.png,16,16,pbr_map,below_512,512-block-item
assets/minecraft/textures/block/bubble_coral_block_s.png,16,16,pbr_map,below_512,512-block-item
assets/minecraft/textures/block/amethyst_block_s.png,16,16,pbr_map,below_512,512-block-item
assets/minecraft/textures/block/anvil_top_s.png,16,16,pbr_map,below_512,512-block-item
assets/minecraft/textures/block/jungle_leaves_n.png,16,16,pbr_map,below_512,512-block-item
assets/minecraft/textures/block/blue_stained_glass_pane_top.png,16,16,base,below_512,512-block-item
assets/minecraft/textures/block/chorus_flower.png,16,16,base,below_512,512-block-item
assets/minecraft/textures/block/vine.png,16,16,base,below_512,512-block-item
assets/minecraft/textures/block/yellow_stained_glass.png,16,16,base,below_512,512-block-item
assets/minecraft/textures/block/cobblestone.png,16,16,base,below_512,512-block-item
assets/minecraft/textures/block/ochre_froglight_side.png,16,16,base,below_512,512-block-item
assets/minecraft/textures/block/dropper_front_n.png,16,16,pbr_map,below_512,512-block-item
assets/minecraft/textures/block/jungle_planks_s.png,16,16,pbr_map,below_512,512-block-item
assets/minecraft/textures/block/lily_pad_n.png,16,16,pbr_map,below_512,512-block-item
assets/minecraft/textures/block/beacon_n.png,16,16,pbr_map,below_512,512-block-item
assets/minecraft/textures/block/obsidian.png,16,16,base,below_512,512-block-item
assets/minecraft/textures/block/dark_prismarine_s.png,16,16,pbr_map,below_512,512-block-item
assets/minecraft/textures/block/mangrove_log_top_n.png,16,16,pbr_map,below_512,512-block-item
assets/minecraft/textures/block/smoker_top_n.png,16,16,pbr_map,below_512,512-block-item
assets/minecraft/textures/block/stripped_dark_oak_log_s.png,16,16,pbr_map,below_512,512-block-item
assets/minecraft/textures/block/red_stained_glass_pane_top.png,16,16,base,below_512,512-block-item
assets/minecraft/textures/block/coal_block_s.png,16,16,pbr_map,below_512,512-block-item
assets/minecraft/textures/block/cauldron_side_n.png,16,16,pbr_map,below_512,512-block-item
assets/minecraft/textures/block/chain_command_block_back_n.png,16,16,pbr_map,below_512,512-block-item
assets/minecraft/textures/block/green_glazed_terracotta_n.png,16,16,pbr_map,below_512,512-block-item
assets/minecraft/textures/block/blast_furnace_side_n.png,16,16,pbr_map,below_512,512-block-item
assets/minecraft/textures/block/spruce_log.png,16,16,base,below_512,512-block-item
assets/minecraft/textures/block/barrel_top_open_n.png,16,16,pbr_map,below_512,512-block-item
assets/minecraft/textures/block/brown_candle.png,16,16,base,below_512,512-block-item
assets/minecraft/textures/block/weeping_vines_plant_s.png,16,16,pbr_map,below_512,512-block-item
assets/minecraft/textures/block/iron_door_bottom_n.png,16,16,pbr_map,below_512,512-block-item
assets/minecraft/textures/block/cartography_table_side2.png,16,16,base,below_512,512-block-item
assets/minecraft/textures/block/brown_glazed_terracotta.png,16,16,base,below_512,512-block-item
assets/minecraft/textures/block/furnace_front_on_s.png,16,16,pbr_map,below_512,512-block-item
assets/minecraft/textures/block/crimson_door_bottom_s.png,16,16,pbr_map,below_512,512-block-item
assets/minecraft/textures/block/redstone_torch_off_s.png,16,16,pbr_map,below_512,512-block-item
assets/minecraft/textures/block/purple_concrete_powder.png,16,16,base,below_512,512-block-item
assets/minecraft/textures/block/large_amethyst_bud.png,16,16,base,below_512,512-block-item
assets/minecraft/textures/block/light_gray_glazed_terracotta_n.png,16,16,pbr_map,below_512,512-block-item
assets/minecraft/textures/block/smoker_front_s.png,16,16,pbr_map,below_512,512-block-item
assets/minecraft/textures/block/composter_bottom_n.png,16,16,pbr_map,below_512,512-block-item
assets/minecraft/textures/block/chorus_flower_n.png,16,16,pbr_map,below_512,512-block-item
assets/minecraft/textures/block/small_amethyst_bud.png,16,16,base,below_512,512-block-item
assets/minecraft/textures/block/basalt_top_n.png,16,16,pbr_map,below_512,512-block-item
assets/minecraft/textures/block/quartz_bricks_n.png,16,16,pbr_map,below_512,512-block-item
assets/minecraft/textures/block/lever_s.png,16,16,pbr_map,below_512,512-block-item
assets/minecraft/textures/block/furnace_side.png,16,16,base,below_512,512-block-item
assets/minecraft/textures/block/dripstone_block_s.png,16,16,pbr_map,below_512,512-block-item
assets/minecraft/textures/block/stripped_oak_log_n.png,16,16,pbr_map,below_512,512-block-item
assets/minecraft/textures/block/chiseled_sandstone_n.png,16,16,pbr_map,below_512,512-block-item
assets/minecraft/textures/block/barrel_bottom_n.png,16,16,pbr_map,below_512,512-block-item
assets/minecraft/textures/block/campfire_log_lit_n.png,16,16,pbr_map,below_512,512-block-item
assets/minecraft/textures/block/stripped_birch_log_top_s.png,16,16,pbr_map,below_512,512-block-item
assets/minecraft/textures/block/cyan_stained_glass_pane_top.png,16,16,base,below_512,512-block-item
assets/minecraft/textures/block/pointed_dripstone_up_middle.png,16,16,base,below_512,512-block-item
assets/minecraft/textures/block/dripstone_block.png,16,16,base,below_512,512-block-item
assets/minecraft/textures/block/hopper_inside.png,16,16,base,below_512,512-block-item
assets/minecraft/textures/block/note_block_n.png,16,16,pbr_map,below_512,512-block-item
assets/minecraft/textures/block/black_concrete_powder.png,16,16,base,below_512,512-block-item
assets/minecraft/textures/block/yellow_stained_glass_pane_top.png,16,16,base,below_512,512-block-item
assets/minecraft/textures/block/mossy_cobblestone.png,16,16,base,below_512,512-block-item
assets/minecraft/textures/block/comparator_on_n.png,16,16,pbr_map,below_512,512-block-item
assets/minecraft/textures/block/cactus_side_s.png,16,16,pbr_map,below_512,512-block-item
assets/minecraft/textures/block/chain_command_block_front_s.png,16,16,pbr_map,below_512,512-block-item
assets/minecraft/textures/block/flower_pot_n.png,16,16,pbr_map,below_512,512-block-item
assets/minecraft/textures/block/lime_candle_s.png,16,16,pbr_map,below_512,512-block-item
assets/minecraft/textures/block/dark_prismarine_n.png,16,16,pbr_map,below_512,512-block-item
assets/minecraft/textures/block/nether_wart_block_s.png,16,16,pbr_map,below_512,512-block-item
assets/minecraft/textures/block/chiseled_stone_bricks_s.png,16,16,pbr_map,below_512,512-block-item
assets/minecraft/textures/block/composter_side_s.png,16,16,pbr_map,below_512,512-block-item
assets/minecraft/textures/block/blast_furnace_front.png,16,16,base,below_512,512-block-item
assets/minecraft/textures/block/mangrove_door_top_s.png,16,16,pbr_map,below_512,512-block-item
assets/minecraft/textures/block/brown_terracotta.png,16,16,base,below_512,512-block-item
assets/minecraft/textures/block/activator_rail_s.png,16,16,pbr_map,below_512,512-block-item
assets/minecraft/textures/block/stripped_dark_oak_log.png,16,16,base,below_512,512-block-item
assets/minecraft/textures/block/smooth_basalt.png,16,16,base,below_512,512-block-item
assets/minecraft/textures/block/coal_ore_s.png,16,16,pbr_map,below_512,512-block-item
assets/minecraft/textures/block/podzol_side.png,16,16,base,below_512,512-block-item
assets/minecraft/textures/block/copper_ore.png,16,16,base,below_512,512-block-item
assets/minecraft/textures/block/mycelium_top_n.png,16,16,pbr_map,below_512,512-block-item
assets/minecraft/textures/block/lantern_s.png,16,16,pbr_map,below_512,512-block-item
assets/minecraft/textures/block/stripped_mangrove_log_top_s.png,16,16,pbr_map,below_512,512-block-item
assets/minecraft/textures/block/nether_quartz_ore_n.png,16,16,pbr_map,below_512,512-block-item
assets/minecraft/textures/block/iron_ore_n.png,16,16,pbr_map,below_512,512-block-item
assets/minecraft/textures/block/comparator_on.png,16,16,base,below_512,512-block-item
assets/minecraft/textures/block/warped_door_top_n.png,16,16,pbr_map,below_512,512-block-item
assets/minecraft/textures/block/command_block_side_n.png,16,16,pbr_map,below_512,512-block-item
assets/minecraft/textures/block/bone_block_top.png,16,16,base,below_512,512-block-item
assets/minecraft/textures/block/white_wool.png,16,16,base,below_512,512-block-item
assets/minecraft/textures/block/jukebox_side_n.png,16,16,pbr_map,below_512,512-block-item
assets/minecraft/textures/block/end_portal_frame_eye_s.png,16,16,pbr_map,below_512,512-block-item
assets/minecraft/textures/block/deepslate_gold_ore.png,16,16,base,below_512,512-block-item
assets/minecraft/textures/block/crimson_nylium_side_n.png,16,16,pbr_map,below_512,512-block-item
assets/minecraft/textures/block/ochre_froglight_side_s.png,16,16,pbr_map,below_512,512-block-item
assets/minecraft/textures/block/diorite.png,16,16,base,below_512,512-block-item
assets/minecraft/textures/block/deepslate_coal_ore_s.png,16,16,pbr_map,below_512,512-block-item
assets/minecraft/textures/block/purpur_pillar_top_n.png,16,16,pbr_map,below_512,512-block-item
assets/minecraft/textures/block/acacia_log_top.png,16,16,base,below_512,512-block-item
assets/minecraft/textures/block/warped_nylium_side_n.png,16,16,pbr_map,below_512,512-block-item
assets/minecraft/textures/block/repeating_command_block_back.png,16,64,base,below_512,512-block-item
assets/minecraft/textures/block/anvil_top_n.png,16,16,pbr_map,below_512,512-block-item
assets/minecraft/textures/block/stripped_birch_log_top_n.png,16,16,pbr_map,below_512,512-block-item
assets/minecraft/textures/block/dried_kelp_top.png,16,16,base,below_512,512-block-item
assets/minecraft/textures/block/purpur_block_s.png,16,16,pbr_map,below_512,512-block-item
assets/minecraft/textures/block/dead_tube_coral_block.png,16,16,base,below_512,512-block-item
assets/minecraft/textures/block/blue_ice_n.png,16,16,pbr_map,below_512,512-block-item
assets/minecraft/textures/block/deepslate.png,16,16,base,below_512,512-block-item
assets/minecraft/textures/block/cartography_table_top_n.png,16,16,pbr_map,below_512,512-block-item
assets/minecraft/textures/block/smithing_table_front.png,16,16,base,below_512,512-block-item
assets/minecraft/textures/block/cracked_nether_bricks.png,16,16,base,below_512,512-block-item
assets/minecraft/textures/block/spruce_planks_n.png,16,16,pbr_map,below_512,512-block-item
assets/minecraft/textures/block/end_rod_n.png,16,16,pbr_map,below_512,512-block-item
assets/minecraft/textures/block/brewing_stand_base_n.png,16,16,pbr_map,below_512,512-block-item
assets/minecraft/textures/block/anvil_s.png,16,16,pbr_map,below_512,512-block-item
assets/minecraft/textures/block/bone_block_top_s.png,16,16,pbr_map,below_512,512-block-item
assets/minecraft/textures/block/composter_side.png,16,16,base,below_512,512-block-item
assets/minecraft/textures/block/coarse_dirt.png,16,16,base,below_512,512-block-item
assets/minecraft/textures/block/quartz_pillar_s.png,16,16,pbr_map,below_512,512-block-item
assets/minecraft/textures/block/note_block_s.png,16,16,pbr_map,below_512,512-block-item
assets/minecraft/textures/block/lime_candle.png,16,16,base,below_512,512-block-item
assets/minecraft/textures/block/dried_kelp_bottom_n.png,16,16,pbr_map,below_512,512-block-item
assets/minecraft/textures/block/end_rod_s.png,16,16,pbr_map,below_512,512-block-item
assets/minecraft/textures/block/mushroom_stem.png,16,16,base,below_512,512-block-item
assets/minecraft/textures/block/chiseled_polished_blackstone.png,16,16,base,below_512,512-block-item
assets/minecraft/textures/block/stonecutter_side_s.png,16,16,pbr_map,below_512,512-block-item
assets/minecraft/textures/block/oak_door_bottom.png,16,16,base,below_512,512-block-item
assets/minecraft/textures/block/red_concrete.png,16,16,base,below_512,512-block-item
assets/minecraft/textures/block/rooted_dirt_s.png,16,16,pbr_map,below_512,512-block-item
assets/minecraft/textures/block/birch_door_top_s.png,16,16,pbr_map,below_512,512-block-item
assets/minecraft/textures/block/dropper_front_vertical_n.png,16,16,pbr_map,below_512,512-block-item
assets/minecraft/textures/block/white_stained_glass_pane_top.png,16,16,base,below_512,512-block-item
assets/minecraft/textures/block/sugar_cane.png,16,16,base,below_512,512-block-item
assets/minecraft/textures/block/cut_copper_n.png,16,16,pbr_map,below_512,512-block-item
assets/minecraft/textures/block/blast_furnace_front_on.png,16,32,base,below_512,512-block-item
assets/minecraft/textures/block/sculk_s.png,16,16,pbr_map,below_512,512-block-item
assets/minecraft/textures/block/pumpkin_side_n.png,16,16,pbr_map,below_512,512-block-item
assets/minecraft/textures/block/chain_command_block_front_n.png,16,16,pbr_map,below_512,512-block-item
assets/minecraft/textures/block/azalea_leaves_s.png,16,16,pbr_map,below_512,512-block-item
assets/minecraft/textures/block/gravel_n.png,16,16,pbr_map,below_512,512-block-item
assets/minecraft/textures/block/loom_side.png,16,16,base,below_512,512-block-item
assets/minecraft/textures/block/stonecutter_saw_n.png,16,16,pbr_map,below_512,512-block-item
assets/minecraft/textures/block/jungle_door_bottom_n.png,16,16,pbr_map,below_512,512-block-item
assets/minecraft/textures/block/grey_stained_glass_n.png,16,16,pbr_map,below_512,512-block-item
assets/minecraft/textures/block/weathered_copper_s.png,16,16,pbr_map,below_512,512-block-item
assets/minecraft/textures/block/brown_stained_glass.png,16,16,base,below_512,512-block-item
assets/minecraft/textures/block/hopper_inside_n.png,16,16,pbr_map,below_512,512-block-item
assets/minecraft/textures/block/smoker_front_on.png,16,48,base,below_512,512-block-item
assets/minecraft/textures/block/fletching_table_side.png,16,16,base,below_512,512-block-item
assets/minecraft/textures/block/smoker_front_on_s.png,16,16,pbr_map,below_512,512-block-item
assets/minecraft/textures/block/spawner.png,16,16,base,below_512,512-block-item
assets/minecraft/textures/block/warped_door_bottom_n.png,16,16,pbr_map,below_512,512-block-item
assets/minecraft/textures/block/sandstone.png,16,16,base,below_512,512-block-item
assets/minecraft/textures/block/powder_snow_s.png,16,16,pbr_map,below_512,512-block-item
assets/minecraft/textures/block/diamond_ore_n.png,16,16,pbr_map,below_512,512-block-item
assets/minecraft/textures/block/blue_wool.png,16,16,base,below_512,512-block-item
assets/minecraft/textures/block/pointed_dripstone_down_middle_s.png,16,16,pbr_map,below_512,512-block-item
assets/minecraft/textures/block/iron_ore.png,16,16,base,below_512,512-block-item
assets/minecraft/textures/block/glass_s.png,16,16,pbr_map,below_512,512-block-item
assets/minecraft/textures/block/blue_glazed_terracotta_s.png,16,16,pbr_map,below_512,512-block-item
assets/minecraft/textures/block/wet_sponge_s.png,16,16,pbr_map,below_512,512-block-item
assets/minecraft/textures/block/chiseled_red_sandstone_s.png,16,16,pbr_map,below_512,512-block-item
assets/minecraft/textures/block/soul_campfire_log_lit.png,16,64,base,below_512,512-block-item
assets/minecraft/textures/block/stone_bricks_n.png,16,16,pbr_map,below_512,512-block-item
assets/minecraft/textures/block/farmland_moist_s.png,16,16,pbr_map,below_512,512-block-item
assets/minecraft/textures/block/pointed_dripstone_up_tip_n.png,16,16,pbr_map,below_512,512-block-item
assets/minecraft/textures/block/crimson_planks_n.png,16,16,pbr_map,below_512,512-block-item
assets/minecraft/textures/block/brewing_stand.png,16,16,base,below_512,512-block-item
assets/minecraft/textures/block/chain_n.png,16,16,pbr_map,below_512,512-block-item
assets/minecraft/textures/block/activator_rail_on.png,16,16,base,below_512,512-block-item
assets/minecraft/textures/block/muddy_mangrove_roots_side_s.png,16,16,pbr_map,below_512,512-block-item
assets/minecraft/textures/block/coarse_dirt_n.png,16,16,pbr_map,below_512,512-block-item
assets/minecraft/textures/block/bone_block_side_n.png,16,16,pbr_map,below_512,512-block-item
assets/minecraft/textures/block/repeater_s.png,16,16,pbr_map,below_512,512-block-item
assets/minecraft/textures/block/reinforced_deepslate_side_n.png,16,16,pbr_map,below_512,512-block-item
assets/minecraft/textures/block/cobbled_deepslate.png,16,16,base,below_512,512-block-item
assets/minecraft/textures/block/crafting_table_front.png,16,16,base,below_512,512-block-item
assets/minecraft/textures/block/shroomlight.png,16,16,base,below_512,512-block-item
assets/minecraft/textures/block/granite_s.png,16,16,pbr_map,below_512,512-block-item
assets/minecraft/textures/block/warped_stem_top_s.png,16,16,pbr_map,below_512,512-block-item
assets/minecraft/textures/block/glass_pane_top.png,16,16,base,below_512,512-block-item
assets/minecraft/textures/block/spruce_door_top.png,16,16,base,below_512,512-block-item
assets/minecraft/textures/block/lapis_ore.png,16,16,base,below_512,512-block-item
assets/minecraft/textures/block/crimson_stem_n.png,16,16,pbr_map,below_512,512-block-item
assets/minecraft/textures/block/damaged_anvil_top.png,16,16,base,below_512,512-block-item
assets/minecraft/textures/block/chorus_flower_dead.png,16,16,base,below_512,512-block-item
assets/minecraft/textures/block/stripped_warped_stem_s.png,16,16,pbr_map,below_512,512-block-item
assets/minecraft/textures/block/deepslate_redstone_ore.png,16,16,base,below_512,512-block-item
assets/minecraft/textures/block/yellow_wool.png,16,16,base,below_512,512-block-item
assets/minecraft/textures/block/cracked_deepslate_tiles_s.png,16,16,pbr_map,below_512,512-block-item
assets/minecraft/textures/block/red_sandstone_top_n.png,16,16,pbr_map,below_512,512-block-item
assets/minecraft/textures/block/sculk.png,16,64,base,below_512,512-block-item
assets/minecraft/textures/block/tube_coral_block.png,16,16,base,below_512,512-block-item
assets/minecraft/textures/block/mangrove_planks_s.png,16,16,pbr_map,below_512,512-block-item
assets/minecraft/textures/block/stone_bricks_s.png,16,16,pbr_map,below_512,512-block-item
assets/minecraft/textures/block/cherry_planks.png,16,16,base,below_512,512-block-item
assets/minecraft/textures/block/furnace_front_s.png,16,16,pbr_map,below_512,512-block-item
assets/minecraft/textures/block/mangrove_leaves_s.png,16,16,pbr_map,below_512,512-block-item
assets/minecraft/textures/block/polished_blackstone_bricks_s.png,16,16,pbr_map,below_512,512-block-item
assets/minecraft/textures/block/smooth_basalt_n.png,16,16,pbr_map,below_512,512-block-item
assets/minecraft/textures/block/redstone_dust_dot_s.png,16,16,pbr_map,below_512,512-block-item
assets/minecraft/textures/block/stripped_crimson_stem.png,16,16,base,below_512,512-block-item
assets/minecraft/textures/block/lime_concrete_s.png,16,16,pbr_map,below_512,512-block-item
assets/minecraft/textures/block/deepslate_bricks.png,16,16,base,below_512,512-block-item
assets/minecraft/textures/block/jungle_log.png,16,16,base,below_512,512-block-item
assets/minecraft/textures/block/netherrack_n.png,16,16,pbr_map,below_512,512-block-item
assets/minecraft/textures/block/stonecutter_top_s.png,16,16,pbr_map,below_512,512-block-item
assets/minecraft/textures/block/netherite_block.png,16,16,base,below_512,512-block-item
assets/minecraft/textures/block/andesite_s.png,16,16,pbr_map,below_512,512-block-item
assets/minecraft/textures/block/sponge.png,16,16,base,below_512,512-block-item
assets/minecraft/textures/block/sand_s.png,16,16,pbr_map,below_512,512-block-item
assets/minecraft/textures/block/acacia_planks_s.png,16,16,pbr_map,below_512,512-block-item
assets/minecraft/textures/block/furnace_top_s.png,16,16,pbr_map,below_512,512-block-item
assets/minecraft/textures/block/oak_log_n.png,16,16,pbr_map,below_512,512-block-item
assets/minecraft/textures/block/cyan_concrete_powder.png,16,16,base,below_512,512-block-item
assets/minecraft/textures/block/pointed_dripstone_up_frustum_n.png,16,16,pbr_map,below_512,512-block-item
assets/minecraft/textures/block/pink_glazed_terracotta.png,16,16,base,below_512,512-block-item
assets/minecraft/textures/block/blast_furnace_top_n.png,16,16,pbr_map,below_512,512-block-item
assets/minecraft/textures/block/pink_terracotta.png,16,16,base,below_512,512-block-item
assets/minecraft/textures/block/composter_ready_n.png,16,16,pbr_map,below_512,512-block-item
assets/minecraft/textures/block/ancient_debris_top_s.png,16,16,pbr_map,below_512,512-block-item
assets/minecraft/textures/block/crimson_door_bottom_n.png,16,16,pbr_map,below_512,512-block-item
assets/minecraft/textures/block/lightning_rod_s.png,16,16,pbr_map,below_512,512-block-item
assets/minecraft/textures/block/brain_coral_block_n.png,16,16,pbr_map,below_512,512-block-item
assets/minecraft/textures/block/light_gray_glazed_terracotta_s.png,16,16,pbr_map,below_512,512-block-item
assets/minecraft/textures/block/acacia_door_bottom.png,16,16,base,below_512,512-block-item
assets/minecraft/textures/block/cake_inner.png,16,16,base,below_512,512-block-item
assets/minecraft/textures/block/rail_s.png,16,16,pbr_map,below_512,512-block-item
assets/minecraft/textures/block/jungle_planks_n.png,16,16,pbr_map,below_512,512-block-item
assets/minecraft/textures/block/dead_fire_coral_block.png,16,16,base,below_512,512-block-item
assets/minecraft/textures/block/tnt_bottom_n.png,16,16,pbr_map,below_512,512-block-item
assets/minecraft/textures/block/smoker_front_on_n.png,16,16,pbr_map,below_512,512-block-item
assets/minecraft/textures/block/pink_glazed_terracotta_s.png,16,16,pbr_map,below_512,512-block-item
assets/minecraft/textures/block/comparator_on_s.png,16,16,pbr_map,below_512,512-block-item
assets/minecraft/textures/block/blackstone.png,16,16,base,below_512,512-block-item
assets/minecraft/textures/block/bell_bottom_s.png,16,16,pbr_map,below_512,512-block-item
assets/minecraft/textures/block/powered_rail.png,16,16,base,below_512,512-block-item
assets/minecraft/textures/block/stonecutter_saw_s.png,16,16,pbr_map,below_512,512-block-item
assets/minecraft/textures/block/brain_coral_block_s.png,16,16,pbr_map,below_512,512-block-item
assets/minecraft/textures/block/smithing_table_top_n.png,16,16,pbr_map,below_512,512-block-item
assets/minecraft/textures/block/blast_furnace_top_s.png,16,16,pbr_map,below_512,512-block-item
assets/minecraft/textures/block/fire_1.png,16,512,base,below_512,512-block-item
assets/minecraft/textures/block/farmland_s.png,16,16,pbr_map,below_512,512-block-item
assets/minecraft/textures/block/iron_door_bottom.png,16,16,base,below_512,512-block-item
assets/minecraft/textures/block/cut_sandstone_s.png,16,16,pbr_map,below_512,512-block-item
assets/minecraft/textures/block/fletching_table_side_n.png,16,16,pbr_map,below_512,512-block-item
assets/minecraft/textures/block/spruce_door_top_s.png,16,16,pbr_map,below_512,512-block-item
assets/minecraft/textures/block/grass_path_side_s.png,16,16,pbr_map,below_512,512-block-item
assets/minecraft/textures/block/brewing_stand_n.png,16,16,pbr_map,below_512,512-block-item
assets/minecraft/textures/block/redstone_dust_line1_s.png,16,16,pbr_map,below_512,512-block-item
assets/minecraft/textures/block/diorite_s.png,16,16,pbr_map,below_512,512-block-item
assets/minecraft/textures/block/jungle_trapdoor_s.png,16,16,pbr_map,below_512,512-block-item
assets/minecraft/textures/block/prismarine_bricks.png,16,16,base,below_512,512-block-item
assets/minecraft/textures/block/warped_trapdoor_n.png,16,16,pbr_map,below_512,512-block-item
assets/minecraft/textures/block/bookshelf_n.png,16,16,pbr_map,below_512,512-block-item
assets/minecraft/textures/block/honey_block_bottom_n.png,16,16,pbr_map,below_512,512-block-item
assets/minecraft/textures/block/grass_s.png,16,16,pbr_map,below_512,512-block-item
assets/minecraft/textures/block/chiseled_polished_blackstone_n.png,16,16,pbr_map,below_512,512-block-item
assets/minecraft/textures/block/basalt_side.png,16,16,base,below_512,512-block-item
assets/minecraft/textures/block/oak_log_s.png,16,16,pbr_map,below_512,512-block-item
assets/minecraft/textures/block/magenta_candle.png,16,16,base,below_512,512-block-item
assets/minecraft/textures/block/prismarine.png,16,64,base,below_512,512-block-item
assets/minecraft/textures/block/dark_planks_n.png,16,16,pbr_map,below_512,512-block-item
assets/minecraft/textures/block/bamboo_block_top_n.png,16,16,pbr_map,below_512,512-block-item
assets/minecraft/textures/block/magma_s.png,16,16,pbr_map,below_512,512-block-item
assets/minecraft/textures/block/repeating_command_block_back_n.png,16,16,pbr_map,below_512,512-block-item
assets/minecraft/textures/block/grass_path_top_s.png,16,16,pbr_map,below_512,512-block-item
assets/minecraft/textures/block/brown_mushroom_s.png,16,16,pbr_map,below_512,512-block-item
assets/minecraft/textures/block/hay_block_side_n.png,16,16,pbr_map,below_512,512-block-item
assets/minecraft/textures/block/birch_leaves_n.png,16,16,pbr_map,below_512,512-block-item
assets/minecraft/textures/block/black_glazed_terracotta.png,16,16,base,below_512,512-block-item
assets/minecraft/textures/block/composter_ready.png,16,16,base,below_512,512-block-item
assets/minecraft/textures/block/lantern.png,16,48,base,below_512,512-block-item
assets/minecraft/textures/block/pointed_dripstone_up_frustum_s.png,16,16,pbr_map,below_512,512-block-item
assets/minecraft/textures/block/smoker_front_n.png,16,16,pbr_map,below_512,512-block-item
assets/minecraft/textures/block/chiseled_nether_bricks_n.png,16,16,pbr_map,below_512,512-block-item
assets/minecraft/textures/block/dark_oak_log_s.png,16,16,pbr_map,below_512,512-block-item
assets/minecraft/textures/block/orange_stained_glass.png,16,16,base,below_512,512-block-item
assets/minecraft/textures/block/grass_n.png,16,16,pbr_map,below_512,512-block-item
assets/minecraft/textures/block/repeater_n.png,16,16,pbr_map,below_512,512-block-item
assets/minecraft/textures/block/torch_s.png,16,16,pbr_map,below_512,512-block-item
assets/minecraft/textures/block/chorus_flower_dead_s.png,16,16,pbr_map,below_512,512-block-item
assets/minecraft/textures/block/carved_pumpkin_s.png,16,16,pbr_map,below_512,512-block-item
assets/minecraft/textures/block/blackstone_top_s.png,16,16,pbr_map,below_512,512-block-item
assets/minecraft/textures/block/grass_block_top.png,16,16,base,below_512,512-block-item
assets/minecraft/textures/block/bricks.png,16,16,base,below_512,512-block-item
assets/minecraft/textures/block/emerald_ore_n.png,16,16,pbr_map,below_512,512-block-item
assets/minecraft/textures/block/light_blue_concrete_powder.png,16,16,base,below_512,512-block-item
assets/minecraft/textures/block/black_stained_glass.png,16,16,base,below_512,512-block-item
assets/minecraft/textures/block/bell_bottom.png,16,16,base,below_512,512-block-item
assets/minecraft/textures/block/fletching_table_top.png,16,16,base,below_512,512-block-item
assets/minecraft/textures/block/wet_sponge.png,16,16,base,below_512,512-block-item
assets/minecraft/textures/block/red_sandstone_bottom.png,16,16,base,below_512,512-block-item
assets/minecraft/textures/block/mud_s.png,16,16,pbr_map,below_512,512-block-item
assets/minecraft/textures/block/pointed_dripstone_down_tip_merge_s.png,16,16,pbr_map,below_512,512-block-item
assets/minecraft/textures/block/cartography_table_side3_s.png,16,16,pbr_map,below_512,512-block-item
assets/minecraft/textures/block/lodestone_top_s.png,16,16,pbr_map,below_512,512-block-item
assets/minecraft/textures/block/slime_block.png,16,16,base,below_512,512-block-item
assets/minecraft/textures/block/stripped_mangrove_log_top.png,16,16,base,below_512,512-block-item
assets/minecraft/textures/block/pointed_dripstone_down_tip_s.png,16,16,pbr_map,below_512,512-block-item
assets/minecraft/textures/block/mangrove_door_bottom_n.png,16,16,pbr_map,below_512,512-block-item
assets/minecraft/textures/block/cherry_log_top_n.png,16,16,pbr_map,below_512,512-block-item
assets/minecraft/textures/block/cracked_polished_blackstone_bricks_s.png,16,16,pbr_map,below_512,512-block-item
assets/minecraft/textures/block/cartography_table_side1_s.png,16,16,pbr_map,below_512,512-block-item
assets/minecraft/textures/block/jungle_planks.png,16,16,base,below_512,512-block-item
assets/minecraft/textures/block/stripped_birch_log_n.png,16,16,pbr_map,below_512,512-block-item
assets/minecraft/textures/block/mossy_cobblestone_n.png,16,16,pbr_map,below_512,512-block-item
assets/minecraft/textures/block/iron_bars.png,16,16,base,below_512,512-block-item
assets/minecraft/textures/block/lily_pad.png,16,16,base,below_512,512-block-item
assets/minecraft/textures/block/tnt_bottom_s.png,16,16,pbr_map,below_512,512-block-item
assets/minecraft/textures/block/birch_door_bottom_s.png,16,16,pbr_map,below_512,512-block-item
assets/minecraft/textures/block/dispenser_front_vertical_s.png,16,16,pbr_map,below_512,512-block-item
assets/minecraft/textures/block/tall_grass_top.png,16,16,base,below_512,512-block-item
assets/minecraft/textures/block/deepslate_coal_ore.png,16,16,base,below_512,512-block-item
assets/minecraft/textures/block/terracotta_n.png,16,16,pbr_map,below_512,512-block-item
assets/minecraft/textures/block/clay_n.png,16,16,pbr_map,below_512,512-block-item
assets/minecraft/textures/block/lime_glazed_terracotta_n.png,16,16,pbr_map,below_512,512-block-item
assets/minecraft/textures/block/sea_pickle.png,16,16,base,below_512,512-block-item
assets/minecraft/textures/block/polished_deepslate.png,16,16,base,below_512,512-block-item
assets/minecraft/textures/block/barrel_top_open.png,16,16,base,below_512,512-block-item
assets/minecraft/textures/block/moss_block.png,16,16,base,below_512,512-block-item
assets/minecraft/textures/block/jungle_trapdoor_n.png,16,16,pbr_map,below_512,512-block-item
assets/minecraft/textures/block/chiseled_quartz_block_top.png,16,16,base,below_512,512-block-item
assets/minecraft/textures/block/red_sandstone_top.png,16,16,base,below_512,512-block-item
assets/minecraft/textures/block/jungle_log_top_n.png,16,16,pbr_map,below_512,512-block-item
assets/minecraft/textures/block/acacia_door_bottom_s.png,16,16,pbr_map,below_512,512-block-item
assets/minecraft/textures/block/light_blue_glazed_terracotta.png,16,16,base,below_512,512-block-item
assets/minecraft/textures/block/cherry_planks_n.png,16,16,pbr_map,below_512,512-block-item
assets/minecraft/textures/block/birch_log_top_s.png,16,16,pbr_map,below_512,512-block-item
assets/minecraft/textures/block/acacia_leaves_n.png,16,16,pbr_map,below_512,512-block-item
assets/minecraft/textures/block/smithing_table_side.png,16,16,base,below_512,512-block-item
assets/minecraft/textures/block/deepslate_redstone_ore_s.png,16,16,pbr_map,below_512,512-block-item
assets/minecraft/textures/block/cauldron_inner.png,16,16,base,below_512,512-block-item
assets/minecraft/textures/block/lava_still.png,16,320,base,below_512,512-block-item
assets/minecraft/textures/block/stripped_crimson_stem_top_n.png,16,16,pbr_map,below_512,512-block-item
assets/minecraft/textures/block/polished_basalt_top.png,16,16,base,below_512,512-block-item
assets/minecraft/textures/block/daylight_detector_side.png,16,16,base,below_512,512-block-item
assets/minecraft/textures/block/furnace_front_on.png,16,16,base,below_512,512-block-item
assets/minecraft/textures/block/orange_wool.png,16,16,base,below_512,512-block-item
assets/minecraft/textures/block/quartz_pillar.png,16,16,base,below_512,512-block-item
assets/minecraft/textures/block/deepslate_copper_ore_n.png,16,16,pbr_map,below_512,512-block-item
assets/minecraft/textures/block/smoker_side_n.png,16,16,pbr_map,below_512,512-block-item
assets/minecraft/textures/block/bone_block_top_n.png,16,16,pbr_map,below_512,512-block-item
assets/minecraft/textures/block/grey_stained_glass_pane_top_n.png,16,16,pbr_map,below_512,512-block-item
assets/minecraft/textures/block/oak_door_bottom_n.png,16,16,pbr_map,below_512,512-block-item
assets/minecraft/textures/block/dirt_s.png,16,16,pbr_map,below_512,512-block-item
assets/minecraft/textures/block/light_blue_stained_glass_pane_top.png,16,16,base,below_512,512-block-item
assets/minecraft/textures/block/white_concrete_powder.png,16,16,base,below_512,512-block-item
assets/minecraft/textures/block/acacia_log.png,16,16,base,below_512,512-block-item
assets/minecraft/textures/block/cobbled_deepslate_n.png,16,16,pbr_map,below_512,512-block-item
assets/minecraft/textures/block/honey_block_side_s.png,16,16,pbr_map,below_512,512-block-item
assets/minecraft/textures/block/white_glazed_terracotta_s.png,16,16,pbr_map,below_512,512-block-item
assets/minecraft/textures/block/medium_amethyst_bud_s.png,16,16,pbr_map,below_512,512-block-item
assets/minecraft/textures/block/mangrove_log_top.png,16,16,base,below_512,512-block-item
assets/minecraft/textures/block/oak_planks_n.png,16,16,pbr_map,below_512,512-block-item
assets/minecraft/textures/block/chorus_plant_n.png,16,16,pbr_map,below_512,512-block-item
assets/minecraft/textures/block/deepslate_copper_ore_s.png,16,16,pbr_map,below_512,512-block-item
assets/minecraft/textures/block/lime_stained_glass_s.png,16,16,pbr_map,below_512,512-block-item
assets/minecraft/textures/block/green_candle.png,16,16,base,below_512,512-block-item
assets/minecraft/textures/block/piston_top.png,16,16,base,below_512,512-block-item
assets/minecraft/textures/block/gray_stained_glass.png,16,16,base,below_512,512-block-item
assets/minecraft/textures/block/bell_top_s.png,16,16,pbr_map,below_512,512-block-item
assets/minecraft/textures/block/lime_terracotta_s.png,16,16,pbr_map,below_512,512-block-item
assets/minecraft/textures/block/soul_sand_n.png,16,16,pbr_map,below_512,512-block-item
assets/minecraft/textures/block/smoker_top_s.png,16,16,pbr_map,below_512,512-block-item
assets/minecraft/textures/block/birch_log_top_n.png,16,16,pbr_map,below_512,512-block-item
assets/minecraft/textures/block/oak_log_top_n.png,16,16,pbr_map,below_512,512-block-item
assets/minecraft/textures/block/lime_concrete_n.png,16,16,pbr_map,below_512,512-block-item
assets/minecraft/textures/block/dark_prismarine.png,16,16,base,below_512,512-block-item
assets/minecraft/textures/block/oxidized_cut_copper_s.png,16,16,pbr_map,below_512,512-block-item
assets/minecraft/textures/block/warped_stem.png,16,80,base,below_512,512-block-item
assets/minecraft/textures/block/brain_coral_fan_n.png,16,16,pbr_map,below_512,512-block-item
assets/minecraft/textures/block/hopper_outside_s.png,16,16,pbr_map,below_512,512-block-item
assets/minecraft/textures/block/shroomlight_n.png,16,16,pbr_map,below_512,512-block-item
assets/minecraft/textures/block/grass_block_top_s.png,16,16,pbr_map,below_512,512-block-item
assets/minecraft/textures/block/deepslate_top.png,16,16,base,below_512,512-block-item
assets/minecraft/textures/block/daylight_detector_inverted_top_s.png,16,16,pbr_map,below_512,512-block-item
assets/minecraft/textures/block/green_terracotta.png,16,16,base,below_512,512-block-item
assets/minecraft/textures/block/lodestone_side_s.png,16,16,pbr_map,below_512,512-block-item
assets/minecraft/textures/block/dead_brain_coral_block_s.png,16,16,pbr_map,below_512,512-block-item
assets/minecraft/textures/block/candle_lit_n.png,16,16,pbr_map,below_512,512-block-item
assets/minecraft/textures/block/end_stone_s.png,16,16,pbr_map,below_512,512-block-item
assets/minecraft/textures/block/light_blue_wool.png,16,16,base,below_512,512-block-item
assets/minecraft/textures/block/magma_n.png,16,16,pbr_map,below_512,512-block-item
assets/minecraft/textures/block/farmland.png,16,16,base,below_512,512-block-item
assets/minecraft/textures/block/cactus_top_n.png,16,16,pbr_map,below_512,512-block-item
assets/minecraft/textures/block/stonecutter_side_n.png,16,16,pbr_map,below_512,512-block-item
assets/minecraft/textures/block/red_terracotta.png,16,16,base,below_512,512-block-item
assets/minecraft/textures/block/gray_glazed_terracotta_n.png,16,16,pbr_map,below_512,512-block-item
assets/minecraft/textures/block/oak_trapdoor.png,16,16,base,below_512,512-block-item
assets/minecraft/textures/block/reinforced_deepslate_bottom_s.png,16,16,pbr_map,below_512,512-block-item
assets/minecraft/textures/block/mushroom_stem_s.png,16,16,pbr_map,below_512,512-block-item
assets/minecraft/textures/block/blue_concrete.png,16,16,base,below_512,512-block-item
assets/minecraft/textures/block/quartz_block_top.png,16,16,base,below_512,512-block-item
assets/minecraft/textures/block/emerald_block_n.png,16,16,pbr_map,below_512,512-block-item
assets/minecraft/textures/block/item_frame_n.png,16,16,pbr_map,below_512,512-block-item
assets/minecraft/textures/block/purple_stained_glass.png,16,16,base,below_512,512-block-item
assets/minecraft/textures/block/warped_door_top_s.png,16,16,pbr_map,below_512,512-block-item
assets/minecraft/textures/block/debug.png,16,16,base,below_512,512-block-item
assets/minecraft/textures/block/lapis_ore_s.png,16,16,pbr_map,below_512,512-block-item
assets/minecraft/textures/block/grindstone_side.png,16,16,base,below_512,512-block-item
assets/minecraft/textures/block/glowstone_s.png,16,16,pbr_map,below_512,512-block-item
assets/minecraft/textures/block/grey_stained_glass_pane_top_s.png,16,16,pbr_map,below_512,512-block-item
assets/minecraft/textures/block/gray_concrete.png,16,16,base,below_512,512-block-item
assets/minecraft/textures/block/stripped_spruce_log_s.png,16,16,pbr_map,below_512,512-block-item
assets/minecraft/textures/block/nether_wart_block.png,16,16,base,below_512,512-block-item
assets/minecraft/textures/block/bricks_n.png,16,16,pbr_map,below_512,512-block-item
assets/minecraft/textures/block/yellow_concrete.png,16,16,base,below_512,512-block-item
assets/minecraft/textures/block/flowering_azalea_leaves_n.png,16,16,pbr_map,below_512,512-block-item
assets/minecraft/textures/block/stripped_crimson_stem_s.png,16,16,pbr_map,below_512,512-block-item
assets/minecraft/textures/block/repeater_on.png,16,16,base,below_512,512-block-item
assets/minecraft/textures/block/damaged_anvil_n.png,16,16,pbr_map,below_512,512-block-item
assets/minecraft/textures/block/blue_glazed_terracotta_n.png,16,16,pbr_map,below_512,512-block-item
assets/minecraft/textures/block/chiseled_red_sandstone_n.png,16,16,pbr_map,below_512,512-block-item
assets/minecraft/textures/block/enchanting_table_top.png,16,16,base,below_512,512-block-item
assets/minecraft/textures/block/dried_kelp_side.png,16,16,base,below_512,512-block-item
assets/minecraft/textures/block/ochre_froglight_side_n.png,16,16,pbr_map,below_512,512-block-item
assets/minecraft/textures/block/gold_block.png,16,16,base,below_512,512-block-item
assets/minecraft/textures/block/yellow_candle_lit.png,16,16,base,below_512,512-block-item
assets/minecraft/textures/block/weeping_vines_n.png,16,16,pbr_map,below_512,512-block-item
assets/minecraft/textures/block/deepslate_emerald_ore_s.png,16,16,pbr_map,below_512,512-block-item
assets/minecraft/textures/block/light_gray_glazed_terracotta.png,16,16,base,below_512,512-block-item
assets/minecraft/textures/block/verdant_froglight_side.png,16,16,base,below_512,512-block-item
assets/minecraft/textures/block/redstone_dust_line1.png,16,16,base,below_512,512-block-item
assets/minecraft/textures/block/slime_block_s.png,16,16,pbr_map,below_512,512-block-item
assets/minecraft/textures/block/crimson_stem_top_s.png,16,16,pbr_map,below_512,512-block-item
assets/minecraft/textures/block/stripped_warped_stem_top.png,16,16,base,below_512,512-block-item
assets/minecraft/textures/block/nether_gold_ore_n.png,16,16,pbr_map,below_512,512-block-item
assets/minecraft/textures/block/stripped_spruce_log_top_n.png,16,16,pbr_map,below_512,512-block-item
assets/minecraft/textures/block/jungle_door_bottom_s.png,16,16,pbr_map,below_512,512-block-item
assets/minecraft/textures/block/lime_stained_glass_n.png,16,16,pbr_map,below_512,512-block-item
assets/minecraft/textures/block/acacia_log_n.png,16,16,pbr_map,below_512,512-block-item
assets/minecraft/textures/block/sandstone_top_s.png,16,16,pbr_map,below_512,512-block-item
assets/minecraft/textures/block/ancient_debris_top.png,16,16,base,below_512,512-block-item
assets/minecraft/textures/block/daylight_detector_top_s.png,16,16,pbr_map,below_512,512-block-item
assets/minecraft/textures/block/red_nether_bricks_n.png,16,16,pbr_map,below_512,512-block-item
assets/minecraft/textures/block/black_wool.png,16,16,base,below_512,512-block-item
assets/minecraft/textures/block/brown_glazed_terracotta_s.png,16,16,pbr_map,below_512,512-block-item
assets/minecraft/textures/block/lime_stained_glass_pane_top_s.png,16,16,pbr_map,below_512,512-block-item
assets/minecraft/textures/block/brown_mushroom_block.png,16,16,base,below_512,512-block-item
assets/minecraft/textures/block/yellow_glazed_terracotta.png,16,16,base,below_512,512-block-item
assets/minecraft/textures/block/sandstone_bottom_s.png,16,16,pbr_map,below_512,512-block-item
assets/minecraft/textures/block/birch_planks.png,16,16,base,below_512,512-block-item
assets/minecraft/textures/block/melon_top.png,16,16,base,below_512,512-block-item
assets/minecraft/textures/block/green_concrete_powder.png,16,16,base,below_512,512-block-item
assets/minecraft/textures/block/pointed_dripstone_down_frustum_s.png,16,16,pbr_map,below_512,512-block-item
assets/minecraft/textures/block/redstone_dust_line0.png,16,16,base,below_512,512-block-item
assets/minecraft/textures/block/medium_amethyst_bud_n.png,16,16,pbr_map,below_512,512-block-item
assets/minecraft/textures/block/magenta_terracotta.png,16,16,base,below_512,512-block-item
assets/minecraft/textures/block/composter_compost.png,16,16,base,below_512,512-block-item
assets/minecraft/textures/block/frosted_ice_1_n.png,16,16,pbr_map,below_512,512-block-item
assets/minecraft/textures/block/purple_terracotta.png,16,16,base,below_512,512-block-item
assets/minecraft/textures/block/smoker_top.png,16,16,base,below_512,512-block-item
assets/minecraft/textures/block/hopper_outside_n.png,16,16,pbr_map,below_512,512-block-item
assets/minecraft/textures/block/furnace_front_on_n.png,16,16,pbr_map,below_512,512-block-item
assets/minecraft/textures/block/quartz_block_side_n.png,16,16,pbr_map,below_512,512-block-item
assets/minecraft/textures/block/oxidized_cut_copper.png,16,16,base,below_512,512-block-item
assets/minecraft/textures/block/stripped_warped_log_n.png,16,16,pbr_map,below_512,512-block-item
assets/minecraft/textures/block/crafting_table_top_s.png,16,16,pbr_map,below_512,512-block-item
assets/minecraft/textures/block/frosted_ice_3_s.png,16,16,pbr_map,below_512,512-block-item
assets/minecraft/textures/block/raw_iron_block_s.png,16,16,pbr_map,below_512,512-block-item
assets/minecraft/textures/block/lightning_rod_on.png,16,16,base,below_512,512-block-item
assets/minecraft/textures/block/mangrove_door_bottom_s.png,16,16,pbr_map,below_512,512-block-item
assets/minecraft/textures/block/jack_o_lantern_s.png,16,16,pbr_map,below_512,512-block-item
assets/minecraft/textures/block/redstone_torch_s.png,16,16,pbr_map,below_512,512-block-item
assets/minecraft/textures/block/frosted_ice_2_s.png,16,16,pbr_map,below_512,512-block-item
assets/minecraft/textures/block/red_candle_lit.png,16,16,base,below_512,512-block-item
assets/minecraft/textures/block/stripped_dark_oak_log_top.png,16,16,base,below_512,512-block-item
assets/minecraft/textures/block/mushroom_block_inside.png,16,16,base,below_512,512-block-item
assets/minecraft/textures/block/chorus_plant_s.png,16,16,pbr_map,below_512,512-block-item
assets/minecraft/textures/block/dark_oak_trapdoor_n.png,16,16,pbr_map,below_512,512-block-item
assets/minecraft/textures/block/honey_block_side_n.png,16,16,pbr_map,below_512,512-block-item
assets/minecraft/textures/block/iron_bars_n.png,16,16,pbr_map,below_512,512-block-item
assets/minecraft/textures/block/cactus_bottom.png,16,16,base,below_512,512-block-item
assets/minecraft/textures/block/dirt_path_top_n.png,16,16,pbr_map,below_512,512-block-item
assets/minecraft/textures/block/scaffolding_bottom_n.png,16,16,pbr_map,below_512,512-block-item
assets/minecraft/textures/block/pumpkin_side.png,16,16,base,below_512,512-block-item
assets/minecraft/textures/block/iron_block_s.png,16,16,pbr_map,below_512,512-block-item
assets/minecraft/textures/block/ochre_froglight_top_s.png,16,16,pbr_map,below_512,512-block-item
assets/minecraft/textures/block/magenta_stained_glass_pane_top.png,16,16,base,below_512,512-block-item
assets/minecraft/textures/block/white_stained_glass.png,16,16,base,below_512,512-block-item
assets/minecraft/textures/block/activator_rail_n.png,16,16,pbr_map,below_512,512-block-item
assets/minecraft/textures/block/sponge_s.png,16,16,pbr_map,below_512,512-block-item
assets/minecraft/textures/block/lapis_ore_n.png,16,16,pbr_map,below_512,512-block-item
assets/minecraft/textures/block/pointed_dripstone_up_base_s.png,16,16,pbr_map,below_512,512-block-item
assets/minecraft/textures/block/target_side_n.png,16,16,pbr_map,below_512,512-block-item
assets/minecraft/textures/block/dead_fire_coral_block_n.png,16,16,pbr_map,below_512,512-block-item
assets/minecraft/textures/block/warped_trapdoor_s.png,16,16,pbr_map,below_512,512-block-item
assets/minecraft/textures/block/magenta_glazed_terracotta_n.png,16,16,pbr_map,below_512,512-block-item
assets/minecraft/textures/block/spruce_log_top_n.png,16,16,pbr_map,below_512,512-block-item
assets/minecraft/textures/block/repeater.png,16,16,base,below_512,512-block-item
assets/minecraft/textures/block/verdant_froglight_top.png,16,16,base,below_512,512-block-item
assets/minecraft/textures/block/dispenser_front_vertical_n.png,16,16,pbr_map,below_512,512-block-item
assets/minecraft/textures/block/oak_trapdoor_s.png,16,16,pbr_map,below_512,512-block-item
assets/minecraft/textures/block/jungle_leaves_s.png,16,16,pbr_map,below_512,512-block-item
assets/minecraft/textures/block/ladder_n.png,16,16,pbr_map,below_512,512-block-item
assets/minecraft/textures/block/fire_coral_block_n.png,16,16,pbr_map,below_512,512-block-item
assets/minecraft/textures/block/sculk_vein.png,16,64,base,below_512,512-block-item
assets/minecraft/textures/block/tube_coral_block_s.png,16,16,pbr_map,below_512,512-block-item
assets/minecraft/textures/block/snow.png,16,16,base,below_512,512-block-item
assets/minecraft/textures/block/carved_pumpkin_n.png,16,16,pbr_map,below_512,512-block-item
assets/minecraft/textures/block/dark_oak_trapdoor_s.png,16,16,pbr_map,below_512,512-block-item
assets/minecraft/textures/block/diamond_block_n.png,16,16,pbr_map,below_512,512-block-item
assets/minecraft/textures/block/scaffolding_bottom.png,16,16,base,below_512,512-block-item
assets/minecraft/textures/block/pointed_dripstone_up_tip_s.png,16,16,pbr_map,below_512,512-block-item
assets/minecraft/textures/block/diamond_block.png,16,16,base,below_512,512-block-item
assets/minecraft/textures/block/dispenser_front_s.png,16,16,pbr_map,below_512,512-block-item
assets/minecraft/textures/block/jungle_door_top.png,16,16,base,below_512,512-block-item
assets/minecraft/textures/block/gray_glazed_terracotta.png,16,16,base,below_512,512-block-item
assets/minecraft/textures/block/bamboo_block_top.png,16,16,base,below_512,512-block-item
assets/minecraft/textures/block/lime_concrete.png,16,16,base,below_512,512-block-item
assets/minecraft/textures/block/redstone_ore.png,16,16,base,below_512,512-block-item
assets/minecraft/textures/block/light_gray_stained_glass_pane_top.png,16,16,base,below_512,512-block-item
assets/minecraft/textures/block/red_glazed_terracotta_n.png,16,16,pbr_map,below_512,512-block-item
assets/minecraft/textures/block/chain_command_block_back_s.png,16,16,pbr_map,below_512,512-block-item
assets/minecraft/textures/block/cake_bottom.png,16,16,base,below_512,512-block-item
assets/minecraft/textures/block/redstone_torch.png,16,16,base,below_512,512-block-item
assets/minecraft/textures/block/iron_door_bottom_s.png,16,16,pbr_map,below_512,512-block-item
assets/minecraft/textures/block/packed_mud_n.png,16,16,pbr_map,below_512,512-block-item
assets/minecraft/textures/block/honeycomb_block_n.png,16,16,pbr_map,below_512,512-block-item
assets/minecraft/textures/block/sponge_n.png,16,16,pbr_map,below_512,512-block-item
assets/minecraft/textures/block/crimson_door_top_n.png,16,16,pbr_map,below_512,512-block-item
assets/minecraft/textures/block/crafting_table_front_n.png,16,16,pbr_map,below_512,512-block-item
assets/minecraft/textures/block/ice_n.png,16,16,pbr_map,below_512,512-block-item
assets/minecraft/textures/block/chorus_flower_s.png,16,16,pbr_map,below_512,512-block-item
assets/minecraft/textures/block/command_block_conditional_s.png,16,16,pbr_map,below_512,512-block-item
assets/minecraft/textures/block/sandstone_top_n.png,16,16,pbr_map,below_512,512-block-item
assets/minecraft/textures/block/prismarine_bricks_n.png,16,16,pbr_map,below_512,512-block-item
assets/minecraft/textures/block/white_candle_lit.png,16,16,base,below_512,512-block-item
assets/minecraft/textures/block/polished_basalt_side_n.png,16,16,pbr_map,below_512,512-block-item
assets/minecraft/textures/block/loom_bottom_s.png,16,16,pbr_map,below_512,512-block-item
assets/minecraft/textures/block/grindstone_round_n.png,16,16,pbr_map,below_512,512-block-item
assets/minecraft/textures/block/muddy_mangrove_roots_top_n.png,16,16,pbr_map,below_512,512-block-item
assets/minecraft/textures/block/dirt_n.png,16,16,pbr_map,below_512,512-block-item
assets/minecraft/textures/block/end_portal_frame_eye_n.png,16,16,pbr_map,below_512,512-block-item
assets/minecraft/textures/block/terracotta.png,16,16,base,below_512,512-block-item
assets/minecraft/textures/block/gilded_blackstone_n.png,16,16,pbr_map,below_512,512-block-item
assets/minecraft/textures/block/cauldron_side.png,16,16,base,below_512,512-block-item
assets/minecraft/textures/block/copper_ore_n.png,16,16,pbr_map,below_512,512-block-item
assets/minecraft/textures/block/warped_planks.png,16,16,base,below_512,512-block-item
assets/minecraft/textures/block/slime_block_n.png,16,16,pbr_map,below_512,512-block-item
assets/minecraft/textures/block/dark_oak_trapdoor.png,16,16,base,below_512,512-block-item
assets/minecraft/textures/block/lime_wool.png,16,16,base,below_512,512-block-item
assets/minecraft/textures/block/ancient_debris_side_s.png,16,16,pbr_map,below_512,512-block-item
assets/minecraft/textures/block/mangrove_leaves_n.png,16,16,pbr_map,below_512,512-block-item
assets/minecraft/textures/block/lily_pad_s.png,16,16,pbr_map,below_512,512-block-item
assets/minecraft/textures/block/dark_oak_planks_s.png,16,16,pbr_map,below_512,512-block-item
assets/minecraft/textures/block/chiseled_stone_bricks_n.png,16,16,pbr_map,below_512,512-block-item
assets/minecraft/textures/block/stripped_acacia_log_top_n.png,16,16,pbr_map,below_512,512-block-item
assets/minecraft/textures/block/orange_candle_lit.png,16,16,base,below_512,512-block-item
assets/minecraft/textures/block/loom_top.png,16,16,base,below_512,512-block-item
assets/minecraft/textures/block/crimson_nylium.png,16,16,base,below_512,512-block-item
assets/minecraft/textures/block/oak_log_top.png,16,16,base,below_512,512-block-item
assets/minecraft/textures/block/gold_ore.png,16,16,base,below_512,512-block-item
assets/minecraft/textures/block/smithing_table_bottom_s.png,16,16,pbr_map,below_512,512-block-item
assets/minecraft/textures/block/redstone_block_n.png,16,16,pbr_map,below_512,512-block-item
assets/minecraft/textures/block/quartz_pillar_top.png,16,16,base,below_512,512-block-item
assets/minecraft/textures/block/bell_top_n.png,16,16,pbr_map,below_512,512-block-item
assets/minecraft/textures/block/smithing_table_front_s.png,16,16,pbr_map,below_512,512-block-item
assets/minecraft/textures/block/black_terracotta.png,16,16,base,below_512,512-block-item
assets/minecraft/textures/block/oak_door_top_s.png,16,16,pbr_map,below_512,512-block-item
assets/minecraft/textures/block/deepslate_top_s.png,16,16,pbr_map,below_512,512-block-item
assets/minecraft/textures/block/gray_glazed_terracotta_s.png,16,16,pbr_map,below_512,512-block-item
assets/minecraft/textures/block/stripped_acacia_log_top.png,16,16,base,below_512,512-block-item
assets/minecraft/textures/block/tnt_top_n.png,16,16,pbr_map,below_512,512-block-item
assets/minecraft/textures/block/pointed_dripstone_down_base_n.png,16,16,pbr_map,below_512,512-block-item
assets/minecraft/textures/block/redstone_lamp.png,16,16,base,below_512,512-block-item
assets/minecraft/textures/block/ladder.png,16,16,base,below_512,512-block-item
assets/minecraft/textures/block/horn_coral_block_s.png,16,16,pbr_map,below_512,512-block-item
assets/minecraft/textures/block/repeating_command_block_conditional.png,16,64,base,below_512,512-block-item
assets/minecraft/textures/block/mycelium_side_n.png,16,16,pbr_map,below_512,512-block-item
assets/minecraft/textures/block/prismarine_n.png,16,16,pbr_map,below_512,512-block-item
assets/minecraft/textures/block/piston_side_n.png,16,16,pbr_map,below_512,512-block-item
assets/minecraft/textures/block/jukebox_top_s.png,16,16,pbr_map,below_512,512-block-item
assets/minecraft/textures/block/cyan_candle.png,16,16,base,below_512,512-block-item
assets/minecraft/textures/block/lime_glazed_terracotta_s.png,16,16,pbr_map,below_512,512-block-item
assets/minecraft/textures/block/purpur_pillar_n.png,16,16,pbr_map,below_512,512-block-item
assets/minecraft/textures/block/cherry_log_n.png,16,16,pbr_map,below_512,512-block-item
assets/minecraft/textures/block/smoker_bottom_n.png,16,16,pbr_map,below_512,512-block-item
assets/minecraft/textures/block/honey_block_side.png,16,16,base,below_512,512-block-item
assets/minecraft/textures/block/piston_top_sticky_n.png,16,16,pbr_map,below_512,512-block-item
assets/minecraft/textures/block/spruce_leaves.png,16,16,base,below_512,512-block-item
assets/minecraft/textures/block/acacia_door_top.png,16,16,base,below_512,512-block-item
assets/minecraft/textures/block/emerald_block.png,16,16,base,below_512,512-block-item
assets/minecraft/textures/block/polished_diorite.png,16,16,base,below_512,512-block-item
assets/minecraft/textures/block/grass_path_top_n.png,16,16,pbr_map,below_512,512-block-item
assets/minecraft/textures/block/melon_side_n.png,16,16,pbr_map,below_512,512-block-item
assets/minecraft/textures/block/gray_candle.png,16,16,base,below_512,512-block-item
assets/minecraft/textures/block/redstone_dust_line0_s.png,16,16,pbr_map,below_512,512-block-item
assets/minecraft/textures/block/pointed_dripstone_down_middle.png,16,16,base,below_512,512-block-item
assets/minecraft/textures/block/detector_rail.png,16,16,base,below_512,512-block-item
assets/minecraft/textures/block/comparator_s.png,16,16,pbr_map,below_512,512-block-item
assets/minecraft/textures/block/crimson_planks.png,16,16,base,below_512,512-block-item
assets/minecraft/textures/block/red_mushroom_block_n.png,16,16,pbr_map,below_512,512-block-item
assets/minecraft/textures/block/target_top.png,16,16,base,below_512,512-block-item
assets/minecraft/textures/block/soul_lantern.png,16,48,base,below_512,512-block-item
assets/minecraft/textures/block/gravel_s.png,16,16,pbr_map,below_512,512-block-item
assets/minecraft/textures/block/orange_candle.png,16,16,base,below_512,512-block-item
assets/minecraft/textures/block/smoker_bottom.png,16,16,base,below_512,512-block-item
assets/minecraft/textures/block/muddy_mangrove_roots_top.png,16,16,base,below_512,512-block-item
assets/minecraft/textures/block/lectern_front_n.png,16,16,pbr_map,below_512,512-block-item
assets/minecraft/textures/block/lectern_base_n.png,16,16,pbr_map,below_512,512-block-item
assets/minecraft/textures/block/loom_front.png,16,16,base,below_512,512-block-item
assets/minecraft/textures/block/gray_stained_glass_pane_top.png,16,16,base,below_512,512-block-item
assets/minecraft/textures/block/stripped_warped_stem_n.png,16,16,pbr_map,below_512,512-block-item
assets/minecraft/textures/block/exposed_cut_copper.png,16,16,base,below_512,512-block-item
assets/minecraft/textures/block/cherry_log_s.png,16,16,pbr_map,below_512,512-block-item
assets/minecraft/textures/block/lectern_sides_s.png,16,16,pbr_map,below_512,512-block-item
assets/minecraft/textures/block/cut_red_sandstone.png,16,16,base,below_512,512-block-item
assets/minecraft/textures/block/redstone_ore_n.png,16,16,pbr_map,below_512,512-block-item
assets/minecraft/textures/block/dead_horn_coral_block.png,16,16,base,below_512,512-block-item
assets/minecraft/textures/block/mangrove_roots_top_n.png,16,16,pbr_map,below_512,512-block-item
assets/minecraft/textures/block/mangrove_roots_side_s.png,16,16,pbr_map,below_512,512-block-item
assets/minecraft/textures/block/fire_coral_block.png,16,16,base,below_512,512-block-item
assets/minecraft/textures/block/smithing_table_bottom.png,16,16,base,below_512,512-block-item
assets/minecraft/textures/block/spruce_door_bottom_n.png,16,16,pbr_map,below_512,512-block-item
assets/minecraft/textures/block/weather_cut_copper_n.png,16,16,pbr_map,below_512,512-block-item
assets/minecraft/textures/block/loom_bottom.png,16,16,base,below_512,512-block-item
assets/minecraft/textures/block/muddy_mangrove_roots_side_n.png,16,16,pbr_map,below_512,512-block-item
assets/minecraft/textures/block/stripped_mangrove_log_s.png,16,16,pbr_map,below_512,512-block-item
assets/minecraft/textures/block/smithing_table_front_n.png,16,16,pbr_map,below_512,512-block-item
assets/minecraft/textures/block/stripped_spruce_log_n.png,16,16,pbr_map,below_512,512-block-item
assets/minecraft/textures/block/glow_lichen.png,16,16,base,below_512,512-block-item
assets/minecraft/textures/block/pointed_dripstone_up_middle_s.png,16,16,pbr_map,below_512,512-block-item
assets/minecraft/textures/block/frosted_ice_2.png,16,16,base,below_512,512-block-item
assets/minecraft/textures/block/polished_granite_n.png,16,16,pbr_map,below_512,512-block-item
assets/minecraft/textures/block/melon_top_n.png,16,16,pbr_map,below_512,512-block-item
assets/minecraft/textures/block/deepslate_lapis_ore.png,16,16,base,below_512,512-block-item
assets/minecraft/textures/block/stripped_oak_log_top_n.png,16,16,pbr_map,below_512,512-block-item
assets/minecraft/textures/block/prismarine_s.png,16,16,pbr_map,below_512,512-block-item
assets/minecraft/textures/block/granite.png,16,16,base,below_512,512-block-item
assets/minecraft/textures/block/bamboo_stalk_s.png,16,16,pbr_map,below_512,512-block-item
assets/minecraft/textures/block/blast_furnace_top.png,16,16,base,below_512,512-block-item
assets/minecraft/textures/block/honey_block_bottom.png,16,16,base,below_512,512-block-item
assets/minecraft/textures/block/black_stained_glass_pane_top.png,16,16,base,below_512,512-block-item
assets/minecraft/textures/block/white_concrete.png,16,16,base,below_512,512-block-item
assets/minecraft/textures/block/blackstone_n.png,16,16,pbr_map,below_512,512-block-item
assets/minecraft/textures/block/amethyst_block_n.png,16,16,pbr_map,below_512,512-block-item
assets/minecraft/textures/block/grindstone_pivot.png,16,16,base,below_512,512-block-item
assets/minecraft/textures/block/smooth_stone_slab_side_n.png,16,16,pbr_map,below_512,512-block-item
assets/minecraft/textures/block/scaffolding_top_s.png,16,16,pbr_map,below_512,512-block-item
assets/minecraft/textures/block/packed_mud_s.png,16,16,pbr_map,below_512,512-block-item
assets/minecraft/textures/block/mud.png,16,16,base,below_512,512-block-item
assets/minecraft/textures/block/command_block_back_s.png,16,16,pbr_map,below_512,512-block-item
assets/minecraft/textures/block/repeater_on_n.png,16,16,pbr_map,below_512,512-block-item
assets/minecraft/textures/block/white_candle.png,16,16,base,below_512,512-block-item
assets/minecraft/textures/block/soul_torch_n.png,16,16,pbr_map,below_512,512-block-item
assets/minecraft/textures/block/black_glazed_terracotta_n.png,16,16,pbr_map,below_512,512-block-item
assets/minecraft/textures/block/brown_mushroom_block_n.png,16,16,pbr_map,below_512,512-block-item
assets/minecraft/textures/block/chain.png,16,16,base,below_512,512-block-item
assets/minecraft/textures/block/dead_bush_s.png,16,16,pbr_map,below_512,512-block-item
assets/minecraft/textures/block/sandstone_s.png,16,16,pbr_map,below_512,512-block-item
assets/minecraft/textures/block/damaged_anvil_top_s.png,16,16,pbr_map,below_512,512-block-item
assets/minecraft/textures/block/azalea_leaves_n.png,16,16,pbr_map,below_512,512-block-item
assets/minecraft/textures/block/crimson_stem_s.png,16,16,pbr_map,below_512,512-block-item
assets/minecraft/textures/block/green_stained_glass.png,16,16,base,below_512,512-block-item
assets/minecraft/textures/block/calcite.png,16,16,base,below_512,512-block-item
assets/minecraft/textures/block/deepslate_lapis_ore_s.png,16,16,pbr_map,below_512,512-block-item
assets/minecraft/textures/block/birch_log_top.png,16,16,base,below_512,512-block-item
assets/minecraft/textures/block/emerald_block_s.png,16,16,pbr_map,below_512,512-block-item
assets/minecraft/textures/block/blast_furnace_side_s.png,16,16,pbr_map,below_512,512-block-item
assets/minecraft/textures/block/mangrove_roots_side.png,16,16,base,below_512,512-block-item
assets/minecraft/textures/block/soul_campfire_log_lit_n.png,16,16,pbr_map,below_512,512-block-item
assets/minecraft/textures/block/orange_glazed_terracotta.png,16,16,base,below_512,512-block-item
assets/minecraft/textures/block/cauldron_top_n.png,16,16,pbr_map,below_512,512-block-item
assets/minecraft/textures/block/tnt_side_s.png,16,16,pbr_map,below_512,512-block-item
assets/minecraft/textures/block/chipped_anvil_n.png,16,16,pbr_map,below_512,512-block-item
assets/minecraft/textures/block/gold_block_n.png,16,16,pbr_map,below_512,512-block-item
assets/minecraft/textures/block/redstone_lamp_on.png,16,16,base,below_512,512-block-item
assets/minecraft/textures/block/mossy_stone_bricks.png,16,16,base,below_512,512-block-item
assets/minecraft/textures/block/red_sandstone_bottom_n.png,16,16,pbr_map,below_512,512-block-item
assets/minecraft/textures/block/frosted_ice_3.png,16,16,base,below_512,512-block-item
assets/minecraft/textures/block/muddy_mangrove_roots_side.png,16,16,base,below_512,512-block-item
assets/minecraft/textures/block/cut_sandstone_n.png,16,16,pbr_map,below_512,512-block-item
assets/minecraft/textures/block/fletching_table_front_n.png,16,16,pbr_map,below_512,512-block-item
assets/minecraft/textures/block/cracked_polished_blackstone_bricks_n.png,16,16,pbr_map,below_512,512-block-item
assets/minecraft/textures/block/grass_block_side_n.png,16,16,pbr_map,below_512,512-block-item
assets/minecraft/textures/block/redstone_torch_off_n.png,16,16,pbr_map,below_512,512-block-item
assets/minecraft/textures/block/verdant_froglight_top_s.png,16,16,pbr_map,below_512,512-block-item
assets/minecraft/textures/block/mushroom_block_inside_n.png,16,16,pbr_map,below_512,512-block-item
assets/minecraft/textures/block/crying_obsidian.png,16,16,base,below_512,512-block-item
assets/minecraft/textures/block/purpur_pillar_top_s.png,16,16,pbr_map,below_512,512-block-item
assets/minecraft/textures/block/quartz_block_bottom_s.png,16,16,pbr_map,below_512,512-block-item
assets/minecraft/textures/block/quartz_bricks_s.png,16,16,pbr_map,below_512,512-block-item
assets/minecraft/textures/block/coal_ore_n.png,16,16,pbr_map,below_512,512-block-item
assets/minecraft/textures/block/iron_block.png,16,16,base,below_512,512-block-item
assets/minecraft/textures/block/raw_gold_block_n.png,16,16,pbr_map,below_512,512-block-item
assets/minecraft/textures/block/composter_top.png,16,16,base,below_512,512-block-item
assets/minecraft/textures/block/lever.png,16,16,base,below_512,512-block-item
assets/minecraft/textures/block/deepslate_diamond_ore.png,16,16,base,below_512,512-block-item
assets/minecraft/textures/block/soul_sand.png,16,16,base,below_512,512-block-item
assets/minecraft/textures/block/jungle_door_top_s.png,16,16,pbr_map,below_512,512-block-item
assets/minecraft/textures/block/warped_stem_top.png,16,16,base,below_512,512-block-item
assets/minecraft/textures/block/crimson_door_top.png,16,16,base,below_512,512-block-item
assets/minecraft/textures/block/stripped_birch_log_top.png,16,16,base,below_512,512-block-item
assets/minecraft/textures/block/powered_rail_n.png,16,16,pbr_map,below_512,512-block-item
assets/minecraft/textures/block/soul_torch_s.png,16,16,pbr_map,below_512,512-block-item
assets/minecraft/textures/block/chain_command_block_conditional_s.png,16,16,pbr_map,below_512,512-block-item
assets/minecraft/textures/block/bubble_coral_block_n.png,16,16,pbr_map,below_512,512-block-item
assets/minecraft/textures/block/end_portal_frame_top_n.png,16,16,pbr_map,below_512,512-block-item
assets/minecraft/textures/block/redstone_dust_dot_n.png,16,16,pbr_map,below_512,512-block-item
assets/minecraft/textures/block/dragon_egg_s.png,16,16,pbr_map,below_512,512-block-item
assets/minecraft/textures/block/mycelium_side.png,16,16,base,below_512,512-block-item
assets/minecraft/textures/block/cracked_deepslate_bricks.png,16,16,base,below_512,512-block-item
assets/minecraft/textures/block/dark_oak_log_top_s.png,16,16,pbr_map,below_512,512-block-item
assets/minecraft/textures/block/andesite_n.png,16,16,pbr_map,below_512,512-block-item
assets/minecraft/textures/block/weeping_vines.png,16,16,base,below_512,512-block-item
assets/minecraft/textures/block/clay.png,16,16,base,below_512,512-block-item
assets/minecraft/textures/block/loom_side_n.png,16,16,pbr_map,below_512,512-block-item
assets/minecraft/textures/block/stripped_warped_stem.png,16,16,base,below_512,512-block-item
assets/minecraft/textures/block/detector_rail_s.png,16,16,pbr_map,below_512,512-block-item
assets/minecraft/textures/block/dead_tube_coral_block_s.png,16,16,pbr_map,below_512,512-block-item
assets/minecraft/textures/block/spruce_door_bottom_s.png,16,16,pbr_map,below_512,512-block-item
assets/minecraft/textures/block/deepslate_redstone_ore_n.png,16,16,pbr_map,below_512,512-block-item
assets/minecraft/textures/block/stripped_oak_log_top.png,16,16,base,below_512,512-block-item
assets/minecraft/textures/block/soul_soil.png,16,16,base,below_512,512-block-item
assets/minecraft/textures/block/jukebox_side.png,16,16,base,below_512,512-block-item
assets/minecraft/textures/block/oak_leaves_s.png,16,16,pbr_map,below_512,512-block-item
assets/minecraft/textures/block/loom_top_s.png,16,16,pbr_map,below_512,512-block-item
assets/minecraft/textures/block/nether_bricks_s.png,16,16,pbr_map,below_512,512-block-item
assets/minecraft/textures/block/copper_block_s.png,16,16,pbr_map,below_512,512-block-item
assets/minecraft/textures/block/target_top_n.png,16,16,pbr_map,below_512,512-block-item
assets/minecraft/textures/block/warped_planks_s.png,16,16,pbr_map,below_512,512-block-item
assets/minecraft/textures/block/birch_leaves.png,16,16,base,below_512,512-block-item
assets/minecraft/textures/block/weeping_vines_s.png,16,16,pbr_map,below_512,512-block-item
assets/minecraft/textures/block/ancient_debris_side_n.png,16,16,pbr_map,below_512,512-block-item
assets/minecraft/textures/block/hay_block_top_s.png,16,16,pbr_map,below_512,512-block-item
assets/minecraft/textures/block/lapis_block.png,16,16,base,below_512,512-block-item
assets/minecraft/textures/block/flower_pot.png,16,16,base,below_512,512-block-item
assets/minecraft/textures/block/bell_side_n.png,16,16,pbr_map,below_512,512-block-item
assets/minecraft/textures/block/crimson_door_bottom.png,16,16,base,below_512,512-block-item
assets/minecraft/textures/block/calcite_n.png,16,16,pbr_map,below_512,512-block-item
assets/minecraft/textures/block/grass_block_side_s.png,16,16,pbr_map,below_512,512-block-item
assets/minecraft/textures/block/sea_lantern_s.png,16,16,pbr_map,below_512,512-block-item
assets/minecraft/textures/block/blue_ice.png,16,16,base,below_512,512-block-item
assets/minecraft/textures/block/dried_kelp_side_n.png,16,16,pbr_map,below_512,512-block-item
assets/minecraft/textures/block/gilded_blackstone_s.png,16,16,pbr_map,below_512,512-block-item
assets/minecraft/textures/block/crimson_trapdoor_s.png,16,16,pbr_map,below_512,512-block-item
assets/minecraft/textures/block/pointed_dripstone_up_middle_n.png,16,16,pbr_map,below_512,512-block-item
assets/minecraft/textures/block/crimson_nylium_side.png,16,16,base,below_512,512-block-item
assets/minecraft/textures/block/crimson_stem_top_n.png,16,16,pbr_map,below_512,512-block-item
assets/minecraft/textures/block/pumpkin_side_s.png,16,16,pbr_map,below_512,512-block-item
assets/minecraft/textures/block/chiseled_deepslate_s.png,16,16,pbr_map,below_512,512-block-item
assets/minecraft/textures/block/chain_command_block_side_s.png,16,16,pbr_map,below_512,512-block-item
assets/minecraft/textures/block/piston_inner_n.png,16,16,pbr_map,below_512,512-block-item
assets/minecraft/textures/block/stripped_crimson_stem_n.png,16,16,pbr_map,below_512,512-block-item
assets/minecraft/textures/block/yellow_glazed_terracotta_n.png,16,16,pbr_map,below_512,512-block-item
assets/minecraft/textures/block/magenta_wool.png,16,16,base,below_512,512-block-item
assets/minecraft/textures/block/fletching_table_front_s.png,16,16,pbr_map,below_512,512-block-item
assets/minecraft/textures/block/light_gray_terracotta.png,16,16,base,below_512,512-block-item
assets/minecraft/textures/block/moss_block_s.png,16,16,pbr_map,below_512,512-block-item
assets/minecraft/textures/block/warped_nylium_n.png,16,16,pbr_map,below_512,512-block-item
assets/minecraft/textures/block/ancient_debris_top_n.png,16,16,pbr_map,below_512,512-block-item
assets/minecraft/textures/block/stonecutter_bottom.png,16,16,base,below_512,512-block-item
assets/minecraft/textures/block/brewing_stand_base_s.png,16,16,pbr_map,below_512,512-block-item
assets/minecraft/textures/block/red_concrete_powder.png,16,16,base,below_512,512-block-item
assets/minecraft/textures/block/purpur_block_n.png,16,16,pbr_map,below_512,512-block-item
assets/minecraft/textures/block/oxidized_copper_s.png,16,16,pbr_map,below_512,512-block-item
assets/minecraft/textures/block/deepslate_copper_ore.png,16,16,base,below_512,512-block-item
assets/minecraft/textures/block/hay_block_top.png,16,16,base,below_512,512-block-item
assets/minecraft/textures/block/pointed_dripstone_down_tip_n.png,16,16,pbr_map,below_512,512-block-item
assets/minecraft/textures/block/cyan_candle_lit.png,16,16,base,below_512,512-block-item
assets/minecraft/textures/block/lectern_front.png,16,16,base,below_512,512-block-item
assets/minecraft/textures/block/redstone_ore_s.png,16,16,pbr_map,below_512,512-block-item
assets/minecraft/textures/block/stonecutter_top.png,16,16,base,below_512,512-block-item
assets/minecraft/textures/block/birch_door_top.png,16,16,base,below_512,512-block-item
assets/minecraft/textures/block/chiseled_quartz_block.png,16,16,base,below_512,512-block-item
assets/minecraft/textures/block/polished_andesite_n.png,16,16,pbr_map,below_512,512-block-item
assets/minecraft/textures/block/blackstone_top_n.png,16,16,pbr_map,below_512,512-block-item
assets/minecraft/textures/block/farmland_moist.png,16,16,base,below_512,512-block-item
assets/minecraft/textures/block/powered_rail_on_n.png,16,16,pbr_map,below_512,512-block-item
assets/minecraft/textures/block/itemframe_background.png,16,16,base,below_512,512-block-item
assets/minecraft/textures/block/dark_oak_log_top_n.png,16,16,pbr_map,below_512,512-block-item
assets/minecraft/textures/block/piston_inner_s.png,16,16,pbr_map,below_512,512-block-item
assets/minecraft/textures/block/piston_top_n.png,16,16,pbr_map,below_512,512-block-item
assets/minecraft/textures/block/jungle_leaves.png,16,16,base,below_512,512-block-item
assets/minecraft/textures/block/barrel_top.png,16,16,base,below_512,512-block-item
assets/minecraft/textures/block/composter_top_s.png,16,16,pbr_map,below_512,512-block-item
assets/minecraft/textures/block/rooted_dirt.png,16,16,base,below_512,512-block-item
assets/minecraft/textures/block/end_stone_bricks_s.png,16,16,pbr_map,below_512,512-block-item
assets/minecraft/textures/block/deepslate_diamond_ore_s.png,16,16,pbr_map,below_512,512-block-item
assets/minecraft/textures/block/warped_planks_n.png,16,16,pbr_map,below_512,512-block-item
assets/minecraft/textures/block/warped_door_top.png,16,16,base,below_512,512-block-item
assets/minecraft/textures/block/loom_front_s.png,16,16,pbr_map,below_512,512-block-item
assets/minecraft/textures/block/pointed_dripstone_up_frustum.png,16,16,base,below_512,512-block-item
assets/minecraft/textures/block/iron_trapdoor_n.png,16,16,pbr_map,below_512,512-block-item
assets/minecraft/textures/block/spruce_leaves_n.png,16,16,pbr_map,below_512,512-block-item
assets/minecraft/textures/block/cherry_log_top_s.png,16,16,pbr_map,below_512,512-block-item
assets/minecraft/textures/block/cyan_terracotta.png,16,16,base,below_512,512-block-item
assets/minecraft/textures/block/fletching_table_top_n.png,16,16,pbr_map,below_512,512-block-item
assets/minecraft/textures/block/obsidian_s.png,16,16,pbr_map,below_512,512-block-item
assets/minecraft/textures/block/weathered_copper_n.png,16,16,pbr_map,below_512,512-block-item
assets/minecraft/textures/block/furnace_side_s.png,16,16,pbr_map,below_512,512-block-item
assets/minecraft/textures/block/brewing_stand_s.png,16,16,pbr_map,below_512,512-block-item
assets/minecraft/textures/block/lime_glazed_terracotta.png,16,16,base,below_512,512-block-item
assets/minecraft/textures/block/end_portal_frame_side_n.png,16,16,pbr_map,below_512,512-block-item
assets/minecraft/textures/block/dead_fire_coral_block_s.png,16,16,pbr_map,below_512,512-block-item
assets/minecraft/textures/block/chiseled_quartz_block_top_n.png,16,16,pbr_map,below_512,512-block-item
assets/minecraft/textures/block/daylight_detector_side_n.png,16,16,pbr_map,below_512,512-block-item
assets/minecraft/textures/block/barrel_top_n.png,16,16,pbr_map,below_512,512-block-item
assets/minecraft/textures/block/soul_lantern_n.png,16,16,pbr_map,below_512,512-block-item
assets/minecraft/textures/block/gilded_blackstone.png,16,16,base,below_512,512-block-item
assets/minecraft/textures/block/packed_ice_s.png,16,16,pbr_map,below_512,512-block-item
assets/minecraft/textures/block/polished_blackstone_brick_n.png,16,16,pbr_map,below_512,512-block-item
assets/minecraft/textures/block/repeating_command_block_conditional_n.png,16,16,pbr_map,below_512,512-block-item
assets/minecraft/textures/block/piston_top_sticky.png,16,16,base,below_512,512-block-item
assets/minecraft/textures/block/red_mushroom.png,16,16,base,below_512,512-block-item
assets/minecraft/textures/block/deepslate_top_n.png,16,16,pbr_map,below_512,512-block-item
assets/minecraft/textures/block/weathered_copper.png,16,16,base,below_512,512-block-item
assets/minecraft/textures/item/clock_15_n.png,16,16,pbr_map,below_512,512-block-item
assets/minecraft/textures/item/wooden_axe_n.png,16,16,pbr_map,below_512,512-block-item
assets/minecraft/textures/item/iron_axe.png,16,16,base,below_512,512-block-item
assets/minecraft/textures/item/leather_horse_armor_s.png,16,16,pbr_map,below_512,512-block-item
assets/minecraft/textures/item/clock_41.png,16,16,base,below_512,512-block-item
assets/minecraft/textures/item/clock_50.png,16,16,base,below_512,512-block-item
assets/minecraft/textures/item/clock_41_s.png,16,16,pbr_map,below_512,512-block-item
assets/minecraft/textures/item/golden_shovel.png,16,16,base,below_512,512-block-item
assets/minecraft/textures/item/clock_49.png,16,16,base,below_512,512-block-item
assets/minecraft/textures/item/clock_61_s.png,16,16,pbr_map,below_512,512-block-item
assets/minecraft/textures/item/clock_51.png,16,16,base,below_512,512-block-item
assets/minecraft/textures/item/clock_38_s.png,16,16,pbr_map,below_512,512-block-item
assets/minecraft/textures/item/gold_ingot.png,16,16,base,below_512,512-block-item
assets/minecraft/textures/item/leather_leggings_overlay.png,16,16,base,below_512,512-block-item
assets/minecraft/textures/item/chainmail_chestplate_n.png,16,16,pbr_map,below_512,512-block-item
assets/minecraft/textures/item/clock_53.png,16,16,base,below_512,512-block-item
assets/minecraft/textures/item/chainmail_boots_n.png,16,16,pbr_map,below_512,512-block-item
assets/minecraft/textures/item/netherite_sword_s.png,16,16,pbr_map,below_512,512-block-item
assets/minecraft/textures/item/diamond_sword_n.png,16,16,pbr_map,below_512,512-block-item
assets/minecraft/textures/item/clock_43_s.png,16,16,pbr_map,below_512,512-block-item
assets/minecraft/textures/item/leather_boots.png,16,16,base,below_512,512-block-item
assets/minecraft/textures/item/golden_chestplate.png,16,16,base,below_512,512-block-item
assets/minecraft/textures/item/leather_boots_n.png,16,16,pbr_map,below_512,512-block-item
assets/minecraft/textures/item/clock_32_n.png,16,16,pbr_map,below_512,512-block-item
assets/minecraft/textures/item/diamond_axe_s.png,16,16,pbr_map,below_512,512-block-item
assets/minecraft/textures/item/clock_07_s.png,16,16,pbr_map,below_512,512-block-item
assets/minecraft/textures/item/compass_29_s.png,16,16,pbr_map,below_512,512-block-item
assets/minecraft/textures/item/compass_01_s.png,16,16,pbr_map,below_512,512-block-item
assets/minecraft/textures/item/diamond_helmet.png,16,16,base,below_512,512-block-item
assets/minecraft/textures/item/golden_boots.png,16,16,base,below_512,512-block-item
assets/minecraft/textures/item/compass_08.png,16,16,base,below_512,512-block-item
assets/minecraft/textures/item/clock_02_s.png,16,16,pbr_map,below_512,512-block-item
assets/minecraft/textures/item/compass_28.png,16,16,base,below_512,512-block-item
assets/minecraft/textures/item/clock_33_s.png,16,16,pbr_map,below_512,512-block-item
assets/minecraft/textures/item/compass_11_n.png,16,16,pbr_map,below_512,512-block-item
assets/minecraft/textures/item/clock_32_s.png,16,16,pbr_map,below_512,512-block-item
assets/minecraft/textures/item/clock_10_n.png,16,16,pbr_map,below_512,512-block-item
assets/minecraft/textures/item/milk_bucket_s.png,16,16,pbr_map,below_512,512-block-item
assets/minecraft/textures/item/compass_15.png,16,16,base,below_512,512-block-item
assets/minecraft/textures/item/clock_47_n.png,16,16,pbr_map,below_512,512-block-item
assets/minecraft/textures/item/clock_52_n.png,16,16,pbr_map,below_512,512-block-item
assets/minecraft/textures/item/leather_leggings_n.png,16,16,pbr_map,below_512,512-block-item
assets/minecraft/textures/item/compass_18.png,16,16,base,below_512,512-block-item
assets/minecraft/textures/item/clock_40_n.png,16,16,pbr_map,below_512,512-block-item
assets/minecraft/textures/item/clock_27_s.png,16,16,pbr_map,below_512,512-block-item
assets/minecraft/textures/item/clock_22.png,16,16,base,below_512,512-block-item
assets/minecraft/textures/item/milk_bucket_n.png,16,16,pbr_map,below_512,512-block-item
assets/minecraft/textures/item/clock_12_s.png,16,16,pbr_map,below_512,512-block-item
assets/minecraft/textures/item/clock_06_n.png,16,16,pbr_map,below_512,512-block-item
assets/minecraft/textures/item/clock_00.png,16,16,base,below_512,512-block-item
assets/minecraft/textures/item/netherite_shovel.png,16,16,base,below_512,512-block-item
assets/minecraft/textures/item/clock_23.png,16,16,base,below_512,512-block-item
assets/minecraft/textures/item/golden_axe.png,16,16,base,below_512,512-block-item
assets/minecraft/textures/item/pufferfish_bucket_s.png,16,16,pbr_map,below_512,512-block-item
assets/minecraft/textures/item/clock_18_s.png,16,16,pbr_map,below_512,512-block-item
assets/minecraft/textures/item/clock_62_n.png,16,16,pbr_map,below_512,512-block-item
assets/minecraft/textures/item/compass_13_n.png,16,16,pbr_map,below_512,512-block-item
assets/minecraft/textures/item/netherite_axe.png,16,16,base,below_512,512-block-item
assets/minecraft/textures/item/leather_chestplate_overlay_s.png,16,16,pbr_map,below_512,512-block-item
assets/minecraft/textures/item/clock_02.png,16,16,base,below_512,512-block-item
assets/minecraft/textures/item/clock_19_s.png,16,16,pbr_map,below_512,512-block-item
assets/minecraft/textures/item/stone_axe_s.png,16,16,pbr_map,below_512,512-block-item
assets/minecraft/textures/item/clock_40_s.png,16,16,pbr_map,below_512,512-block-item
assets/minecraft/textures/item/golden_shovel_s.png,16,16,pbr_map,below_512,512-block-item
assets/minecraft/textures/item/stone_shovel_s.png,16,16,pbr_map,below_512,512-block-item
assets/minecraft/textures/item/iron_hoe_n.png,16,16,pbr_map,below_512,512-block-item
assets/minecraft/textures/item/stick_n.png,16,16,pbr_map,below_512,512-block-item
assets/minecraft/textures/item/clock_27.png,16,16,base,below_512,512-block-item
assets/minecraft/textures/item/compass_20_s.png,16,16,pbr_map,below_512,512-block-item
assets/minecraft/textures/item/clock_01.png,16,16,base,below_512,512-block-item
assets/minecraft/textures/item/compass_02_s.png,16,16,pbr_map,below_512,512-block-item
assets/minecraft/textures/item/clock_57_n.png,16,16,pbr_map,below_512,512-block-item
assets/minecraft/textures/item/clock_54.png,16,16,base,below_512,512-block-item
assets/minecraft/textures/item/emerald.png,16,16,base,below_512,512-block-item
assets/minecraft/textures/item/emerald_s.png,16,16,pbr_map,below_512,512-block-item
assets/minecraft/textures/item/compass_17_n.png,16,16,pbr_map,below_512,512-block-item
assets/minecraft/textures/item/iron_shovel_s.png,16,16,pbr_map,below_512,512-block-item
assets/minecraft/textures/item/compass_06_s.png,16,16,pbr_map,below_512,512-block-item
assets/minecraft/textures/item/clock_05_n.png,16,16,pbr_map,below_512,512-block-item
assets/minecraft/textures/item/golden_sword.png,16,16,base,below_512,512-block-item
assets/minecraft/textures/item/clock_44.png,16,16,base,below_512,512-block-item
assets/minecraft/textures/item/clock_03_s.png,16,16,pbr_map,below_512,512-block-item
assets/minecraft/textures/item/clock_43_n.png,16,16,pbr_map,below_512,512-block-item
assets/minecraft/textures/item/clock_35.png,16,16,base,below_512,512-block-item
assets/minecraft/textures/item/tropical_fish_bucket_n.png,16,16,pbr_map,below_512,512-block-item
assets/minecraft/textures/item/lava_bucket_s.png,16,16,pbr_map,below_512,512-block-item
assets/minecraft/textures/item/clock_08_n.png,16,16,pbr_map,below_512,512-block-item
assets/minecraft/textures/item/diamond_horse_armor.png,16,16,base,below_512,512-block-item
assets/minecraft/textures/item/bucket_n.png,16,16,pbr_map,below_512,512-block-item
assets/minecraft/textures/item/clock_23_n.png,16,16,pbr_map,below_512,512-block-item
assets/minecraft/textures/item/leather_horse_armor_n.png,16,16,pbr_map,below_512,512-block-item
assets/minecraft/textures/item/clock_41_n.png,16,16,pbr_map,below_512,512-block-item
assets/minecraft/textures/item/compass_11_s.png,16,16,pbr_map,below_512,512-block-item
assets/minecraft/textures/item/golden_leggings.png,16,16,base,below_512,512-block-item
assets/minecraft/textures/item/compass_30_s.png,16,16,pbr_map,below_512,512-block-item
assets/minecraft/textures/item/iron_helmet_s.png,16,16,pbr_map,below_512,512-block-item
assets/minecraft/textures/item/clock_63_s.png,16,16,pbr_map,below_512,512-block-item
assets/minecraft/textures/item/compass_00.png,16,16,base,below_512,512-block-item
assets/minecraft/textures/item/nether_brick_n.png,16,16,pbr_map,below_512,512-block-item
assets/minecraft/textures/item/wooden_axe.png,16,16,base,below_512,512-block-item
assets/minecraft/textures/item/compass_06_n.png,16,16,pbr_map,below_512,512-block-item
assets/minecraft/textures/item/compass_07_s.png,16,16,pbr_map,below_512,512-block-item
assets/minecraft/textures/item/clock_55_n.png,16,16,pbr_map,below_512,512-block-item
assets/minecraft/textures/item/compass_11.png,16,16,base,below_512,512-block-item
assets/minecraft/textures/item/compass_04_n.png,16,16,pbr_map,below_512,512-block-item
assets/minecraft/textures/item/iron_horse_armor_s.png,16,16,pbr_map,below_512,512-block-item
assets/minecraft/textures/item/wooden_axe_s.png,16,16,pbr_map,below_512,512-block-item
assets/minecraft/textures/item/compass_09_n.png,16,16,pbr_map,below_512,512-block-item
assets/minecraft/textures/item/compass_12_n.png,16,16,pbr_map,below_512,512-block-item
assets/minecraft/textures/item/iron_axe_n.png,16,16,pbr_map,below_512,512-block-item
assets/minecraft/textures/item/lava_bucket_n.png,16,16,pbr_map,below_512,512-block-item
assets/minecraft/textures/item/compass_15_s.png,16,16,pbr_map,below_512,512-block-item
assets/minecraft/textures/item/clock_58_n.png,16,16,pbr_map,below_512,512-block-item
assets/minecraft/textures/item/leather_leggings_overlay_s.png,16,16,pbr_map,below_512,512-block-item
assets/minecraft/textures/item/stone_sword.png,16,16,base,below_512,512-block-item
assets/minecraft/textures/item/iron_chestplate_s.png,16,16,pbr_map,below_512,512-block-item
assets/minecraft/textures/item/clock_46_n.png,16,16,pbr_map,below_512,512-block-item
assets/minecraft/textures/item/iron_horse_armor_n.png,16,16,pbr_map,below_512,512-block-item
assets/minecraft/textures/item/compass_12_s.png,16,16,pbr_map,below_512,512-block-item
assets/minecraft/textures/item/clock_60_n.png,16,16,pbr_map,below_512,512-block-item
assets/minecraft/textures/item/diamond_sword_s.png,16,16,pbr_map,below_512,512-block-item
assets/minecraft/textures/item/compass_18_n.png,16,16,pbr_map,below_512,512-block-item
assets/minecraft/textures/item/salmon_bucket_s.png,16,16,pbr_map,below_512,512-block-item
assets/minecraft/textures/item/leather_helmet.png,16,16,base,below_512,512-block-item
assets/minecraft/textures/item/clock_22_s.png,16,16,pbr_map,below_512,512-block-item
assets/minecraft/textures/item/clock_19_n.png,16,16,pbr_map,below_512,512-block-item
assets/minecraft/textures/item/compass_00_n.png,16,16,pbr_map,below_512,512-block-item
assets/minecraft/textures/item/clock_12.png,16,16,base,below_512,512-block-item
assets/minecraft/textures/item/clock_20_n.png,16,16,pbr_map,below_512,512-block-item
assets/minecraft/textures/item/iron_shovel_n.png,16,16,pbr_map,below_512,512-block-item
assets/minecraft/textures/item/clock_39.png,16,16,base,below_512,512-block-item
assets/minecraft/textures/item/iron_axe_s.png,16,16,pbr_map,below_512,512-block-item
assets/minecraft/textures/item/compass_30.png,16,16,base,below_512,512-block-item
assets/minecraft/textures/item/compass_12.png,16,16,base,below_512,512-block-item
assets/minecraft/textures/item/golden_helmet_s.png,16,16,pbr_map,below_512,512-block-item
assets/minecraft/textures/item/leather_boots_overlay.png,16,16,base,below_512,512-block-item
assets/minecraft/textures/item/ender_eye.png,16,16,base,below_512,512-block-item
assets/minecraft/textures/item/compass_21.png,16,16,base,below_512,512-block-item
assets/minecraft/textures/item/leather_chestplate.png,16,16,base,below_512,512-block-item
assets/minecraft/textures/item/iron_boots.png,16,16,base,below_512,512-block-item
assets/minecraft/textures/item/compass_25.png,16,16,base,below_512,512-block-item
assets/minecraft/textures/item/clock_17.png,16,16,base,below_512,512-block-item
assets/minecraft/textures/item/clock_52.png,16,16,base,below_512,512-block-item
assets/minecraft/textures/item/spyglass_model_n.png,16,16,pbr_map,below_512,512-block-item
assets/minecraft/textures/item/clock_16.png,16,16,base,below_512,512-block-item
assets/minecraft/textures/item/water_bucket_n.png,16,16,pbr_map,below_512,512-block-item
assets/minecraft/textures/item/brick_s.png,16,16,pbr_map,below_512,512-block-item
assets/minecraft/textures/item/compass_29_n.png,16,16,pbr_map,below_512,512-block-item
assets/minecraft/textures/item/netherite_boots_s.png,16,16,pbr_map,below_512,512-block-item
assets/minecraft/textures/item/bucket_s.png,16,16,pbr_map,below_512,512-block-item
assets/minecraft/textures/item/egg.png,16,16,base,below_512,512-block-item
assets/minecraft/textures/item/iron_pickaxe_s.png,16,16,pbr_map,below_512,512-block-item
assets/minecraft/textures/item/clock_00_s.png,16,16,pbr_map,below_512,512-block-item
assets/minecraft/textures/item/clock_59_s.png,16,16,pbr_map,below_512,512-block-item
assets/minecraft/textures/item/ender_eye_s.png,16,16,pbr_map,below_512,512-block-item
assets/minecraft/textures/item/clock_47_s.png,16,16,pbr_map,below_512,512-block-item
assets/minecraft/textures/item/stone_pickaxe_n.png,16,16,pbr_map,below_512,512-block-item
assets/minecraft/textures/item/clock_29.png,16,16,base,below_512,512-block-item
assets/minecraft/textures/item/iron_ingot_n.png,16,16,pbr_map,below_512,512-block-item
assets/minecraft/textures/item/compass_01_n.png,16,16,pbr_map,below_512,512-block-item
assets/minecraft/textures/item/iron_hoe.png,16,16,base,below_512,512-block-item
assets/minecraft/textures/item/golden_sword_n.png,16,16,pbr_map,below_512,512-block-item
assets/minecraft/textures/item/stone_pickaxe_s.png,16,16,pbr_map,below_512,512-block-item
assets/minecraft/textures/item/clock_51_n.png,16,16,pbr_map,below_512,512-block-item
assets/minecraft/textures/item/clock_49_n.png,16,16,pbr_map,below_512,512-block-item
assets/minecraft/textures/item/water_bucket_s.png,16,16,pbr_map,below_512,512-block-item
assets/minecraft/textures/item/iron_chestplate_n.png,16,16,pbr_map,below_512,512-block-item
assets/minecraft/textures/item/netherite_ingot_s.png,16,16,pbr_map,below_512,512-block-item
assets/minecraft/textures/item/clock_15_s.png,16,16,pbr_map,below_512,512-block-item
assets/minecraft/textures/item/clock_60_s.png,16,16,pbr_map,below_512,512-block-item
assets/minecraft/textures/item/diamond_pickaxe_s.png,16,16,pbr_map,below_512,512-block-item
assets/minecraft/textures/item/compass_04_s.png,16,16,pbr_map,below_512,512-block-item
assets/minecraft/textures/item/golden_pickaxe_n.png,16,16,pbr_map,below_512,512-block-item
assets/minecraft/textures/item/netherite_helmet_n.png,16,16,pbr_map,below_512,512-block-item
assets/minecraft/textures/item/compass_31.png,16,16,base,below_512,512-block-item
assets/minecraft/textures/item/clock_04_s.png,16,16,pbr_map,below_512,512-block-item
assets/minecraft/textures/item/emerald_n.png,16,16,pbr_map,below_512,512-block-item
assets/minecraft/textures/item/clock_45.png,16,16,base,below_512,512-block-item
assets/minecraft/textures/item/clock_11_s.png,16,16,pbr_map,below_512,512-block-item
assets/minecraft/textures/item/clock_18.png,16,16,base,below_512,512-block-item
assets/minecraft/textures/item/clock_24_n.png,16,16,pbr_map,below_512,512-block-item
assets/minecraft/textures/item/wooden_pickaxe_s.png,16,16,pbr_map,below_512,512-block-item
assets/minecraft/textures/item/clock_44_s.png,16,16,pbr_map,below_512,512-block-item
assets/minecraft/textures/item/netherite_pickaxe.png,16,16,base,below_512,512-block-item
assets/minecraft/textures/item/clock_17_s.png,16,16,pbr_map,below_512,512-block-item
assets/minecraft/textures/item/stick_s.png,16,16,pbr_map,below_512,512-block-item
assets/minecraft/textures/item/clock_11.png,16,16,base,below_512,512-block-item
assets/minecraft/textures/item/clock_29_n.png,16,16,pbr_map,below_512,512-block-item
assets/minecraft/textures/item/clock_62.png,16,16,base,below_512,512-block-item
assets/minecraft/textures/item/golden_boots_s.png,16,16,pbr_map,below_512,512-block-item
assets/minecraft/textures/item/clock_30_n.png,16,16,pbr_map,below_512,512-block-item
assets/minecraft/textures/item/diamond_leggings_n.png,16,16,pbr_map,below_512,512-block-item
assets/minecraft/textures/item/stone_hoe_s.png,16,16,pbr_map,below_512,512-block-item
assets/minecraft/textures/item/compass_21_n.png,16,16,pbr_map,below_512,512-block-item
assets/minecraft/textures/item/leather_helmet_overlay_s.png,16,16,pbr_map,below_512,512-block-item
assets/minecraft/textures/item/iron_hoe_s.png,16,16,pbr_map,below_512,512-block-item
assets/minecraft/textures/item/iron_boots_s.png,16,16,pbr_map,below_512,512-block-item
assets/minecraft/textures/item/diamond_chestplate.png,16,16,base,below_512,512-block-item
assets/minecraft/textures/item/clock_15.png,16,16,base,below_512,512-block-item
assets/minecraft/textures/item/clock_54_s.png,16,16,pbr_map,below_512,512-block-item
assets/minecraft/textures/item/clock_07.png,16,16,base,below_512,512-block-item
assets/minecraft/textures/item/clock_07_n.png,16,16,pbr_map,below_512,512-block-item
assets/minecraft/textures/item/clock_09_n.png,16,16,pbr_map,below_512,512-block-item
assets/minecraft/textures/item/clock_48_n.png,16,16,pbr_map,below_512,512-block-item
assets/minecraft/textures/item/salmon_bucket_n.png,16,16,pbr_map,below_512,512-block-item
assets/minecraft/textures/item/clock_30_s.png,16,16,pbr_map,below_512,512-block-item
assets/minecraft/textures/item/compass_17.png,16,16,base,below_512,512-block-item
assets/minecraft/textures/item/clock_22_n.png,16,16,pbr_map,below_512,512-block-item
assets/minecraft/textures/item/clock_27_n.png,16,16,pbr_map,below_512,512-block-item
assets/minecraft/textures/item/clock_29_s.png,16,16,pbr_map,below_512,512-block-item
assets/minecraft/textures/item/clock_49_s.png,16,16,pbr_map,below_512,512-block-item
assets/minecraft/textures/item/clock_45_s.png,16,16,pbr_map,below_512,512-block-item
assets/minecraft/textures/item/compass_02.png,16,16,base,below_512,512-block-item
assets/minecraft/textures/item/diamond_sword.png,16,16,base,below_512,512-block-item
assets/minecraft/textures/item/clock_39_n.png,16,16,pbr_map,below_512,512-block-item
assets/minecraft/textures/item/clock_30.png,16,16,base,below_512,512-block-item
assets/minecraft/textures/item/netherite_pickaxe_s.png,16,16,pbr_map,below_512,512-block-item
assets/minecraft/textures/item/compass_23.png,16,16,base,below_512,512-block-item
assets/minecraft/textures/item/compass_23_n.png,16,16,pbr_map,below_512,512-block-item
assets/minecraft/textures/item/clock_35_s.png,16,16,pbr_map,below_512,512-block-item
assets/minecraft/textures/item/brick_n.png,16,16,pbr_map,below_512,512-block-item
assets/minecraft/textures/item/clock_23_s.png,16,16,pbr_map,below_512,512-block-item
assets/minecraft/textures/item/compass_26_n.png,16,16,pbr_map,below_512,512-block-item
assets/minecraft/textures/item/wooden_sword_s.png,16,16,pbr_map,below_512,512-block-item
assets/minecraft/textures/item/clock_60.png,16,16,base,below_512,512-block-item
assets/minecraft/textures/item/diamond_helmet_s.png,16,16,pbr_map,below_512,512-block-item
assets/minecraft/textures/item/clock_06_s.png,16,16,pbr_map,below_512,512-block-item
assets/minecraft/textures/item/netherite_chestplate.png,16,16,base,below_512,512-block-item
assets/minecraft/textures/item/wooden_pickaxe.png,16,16,base,below_512,512-block-item
assets/minecraft/textures/item/clock_56_n.png,16,16,pbr_map,below_512,512-block-item
assets/minecraft/textures/item/leather_leggings_s.png,16,16,pbr_map,below_512,512-block-item
assets/minecraft/textures/item/clock_28.png,16,16,base,below_512,512-block-item
assets/minecraft/textures/item/iron_pickaxe.png,16,16,base,below_512,512-block-item
assets/minecraft/textures/item/diamond_boots_n.png,16,16,pbr_map,below_512,512-block-item
assets/minecraft/textures/item/cod_bucket_n.png,16,16,pbr_map,below_512,512-block-item
assets/minecraft/textures/item/clock_20.png,16,16,base,below_512,512-block-item
assets/minecraft/textures/item/clock_56.png,16,16,base,below_512,512-block-item
assets/minecraft/textures/item/clock_46_s.png,16,16,pbr_map,below_512,512-block-item
assets/minecraft/textures/item/stone_sword_n.png,16,16,pbr_map,below_512,512-block-item
assets/minecraft/textures/item/clock_04_n.png,16,16,pbr_map,below_512,512-block-item
assets/minecraft/textures/item/diamond_shovel_n.png,16,16,pbr_map,below_512,512-block-item
assets/minecraft/textures/item/compass_10_s.png,16,16,pbr_map,below_512,512-block-item
assets/minecraft/textures/item/stone_shovel_n.png,16,16,pbr_map,below_512,512-block-item
assets/minecraft/textures/item/golden_horse_armor_s.png,16,16,pbr_map,below_512,512-block-item
assets/minecraft/textures/item/compass_14_n.png,16,16,pbr_map,below_512,512-block-item
assets/minecraft/textures/item/clock_20_s.png,16,16,pbr_map,below_512,512-block-item
assets/minecraft/textures/item/compass_02_n.png,16,16,pbr_map,below_512,512-block-item
assets/minecraft/textures/item/compass_05.png,16,16,base,below_512,512-block-item
assets/minecraft/textures/item/clock_47.png,16,16,base,below_512,512-block-item
assets/minecraft/textures/item/compass_01.png,16,16,base,below_512,512-block-item
assets/minecraft/textures/item/leather_boots_overlay_n.png,16,16,pbr_map,below_512,512-block-item
assets/minecraft/textures/item/compass_31_s.png,16,16,pbr_map,below_512,512-block-item
assets/minecraft/textures/item/clock_45_n.png,16,16,pbr_map,below_512,512-block-item
assets/minecraft/textures/item/iron_pickaxe_n.png,16,16,pbr_map,below_512,512-block-item
assets/minecraft/textures/item/golden_leggings_n.png,16,16,pbr_map,below_512,512-block-item
assets/minecraft/textures/item/clock_56_s.png,16,16,pbr_map,below_512,512-block-item
assets/minecraft/textures/item/iron_ingot_s.png,16,16,pbr_map,below_512,512-block-item
assets/minecraft/textures/item/golden_axe_n.png,16,16,pbr_map,below_512,512-block-item
assets/minecraft/textures/item/compass_20.png,16,16,base,below_512,512-block-item
assets/minecraft/textures/item/clock_19.png,16,16,base,below_512,512-block-item
assets/minecraft/textures/item/compass_08_n.png,16,16,pbr_map,below_512,512-block-item
assets/minecraft/textures/item/leather_s.png,16,16,pbr_map,below_512,512-block-item
assets/minecraft/textures/item/leather_helmet_s.png,16,16,pbr_map,below_512,512-block-item
assets/minecraft/textures/item/iron_leggings_n.png,16,16,pbr_map,below_512,512-block-item
assets/minecraft/textures/item/clock_62_s.png,16,16,pbr_map,below_512,512-block-item
assets/minecraft/textures/item/clock_35_n.png,16,16,pbr_map,below_512,512-block-item
assets/minecraft/textures/item/stone_axe_n.png,16,16,pbr_map,below_512,512-block-item
assets/minecraft/textures/item/clock_63_n.png,16,16,pbr_map,below_512,512-block-item
assets/minecraft/textures/item/compass_28_n.png,16,16,pbr_map,below_512,512-block-item
assets/minecraft/textures/item/iron_horse_armor.png,16,16,base,below_512,512-block-item
assets/minecraft/textures/item/iron_boots_n.png,16,16,pbr_map,below_512,512-block-item
assets/minecraft/textures/item/netherite_shovel_n.png,16,16,pbr_map,below_512,512-block-item
assets/minecraft/textures/item/diamond_horse_armor_n.png,16,16,pbr_map,below_512,512-block-item
assets/minecraft/textures/item/wooden_shovel_n.png,16,16,pbr_map,below_512,512-block-item
assets/minecraft/textures/item/golden_horse_armor.png,16,16,base,below_512,512-block-item
assets/minecraft/textures/item/gold_ingot_s.png,16,16,pbr_map,below_512,512-block-item
assets/minecraft/textures/item/clock_09.png,16,16,base,below_512,512-block-item
assets/minecraft/textures/item/wooden_hoe_n.png,16,16,pbr_map,below_512,512-block-item
assets/minecraft/textures/item/clock_50_n.png,16,16,pbr_map,below_512,512-block-item
assets/minecraft/textures/item/clock_55.png,16,16,base,below_512,512-block-item
assets/minecraft/textures/item/stone_pickaxe.png,16,16,base,below_512,512-block-item
assets/minecraft/textures/item/clock_33.png,16,16,base,below_512,512-block-item
assets/minecraft/textures/item/golden_pickaxe_s.png,16,16,pbr_map,below_512,512-block-item
assets/minecraft/textures/item/diamond_chestplate_n.png,16,16,pbr_map,below_512,512-block-item
assets/minecraft/textures/item/clock_61_n.png,16,16,pbr_map,below_512,512-block-item
assets/minecraft/textures/item/golden_hoe_s.png,16,16,pbr_map,below_512,512-block-item
assets/minecraft/textures/item/clock_36_s.png,16,16,pbr_map,below_512,512-block-item
assets/minecraft/textures/item/clock_26_n.png,16,16,pbr_map,below_512,512-block-item
assets/minecraft/textures/item/iron_leggings_s.png,16,16,pbr_map,below_512,512-block-item
assets/minecraft/textures/item/clock_31_s.png,16,16,pbr_map,below_512,512-block-item
assets/minecraft/textures/item/golden_helmet.png,16,16,base,below_512,512-block-item
assets/minecraft/textures/item/compass_04.png,16,16,base,below_512,512-block-item
assets/minecraft/textures/item/nether_brick.png,16,16,base,below_512,512-block-item
assets/minecraft/textures/item/clock_39_s.png,16,16,pbr_map,below_512,512-block-item
assets/minecraft/textures/item/clock_36.png,16,16,base,below_512,512-block-item
assets/minecraft/textures/item/netherite_chestplate_n.png,16,16,pbr_map,below_512,512-block-item
assets/minecraft/textures/item/diamond_axe_n.png,16,16,pbr_map,below_512,512-block-item
assets/minecraft/textures/item/compass_29.png,16,16,base,below_512,512-block-item
assets/minecraft/textures/item/compass_24_s.png,16,16,pbr_map,below_512,512-block-item
assets/minecraft/textures/item/netherite_axe_n.png,16,16,pbr_map,below_512,512-block-item
assets/minecraft/textures/item/clock_14_s.png,16,16,pbr_map,below_512,512-block-item
assets/minecraft/textures/item/stone_sword_s.png,16,16,pbr_map,below_512,512-block-item
assets/minecraft/textures/item/netherite_hoe.png,16,16,base,below_512,512-block-item
assets/minecraft/textures/item/clock_37_n.png,16,16,pbr_map,below_512,512-block-item
assets/minecraft/textures/item/ender_pearl.png,16,16,base,below_512,512-block-item
assets/minecraft/textures/item/netherite_leggings.png,16,16,base,below_512,512-block-item
assets/minecraft/textures/item/diamond_s.png,16,16,pbr_map,below_512,512-block-item
assets/minecraft/textures/item/stick.png,16,16,base,below_512,512-block-item
assets/minecraft/textures/item/compass_05_s.png,16,16,pbr_map,below_512,512-block-item
assets/minecraft/textures/item/compass_10_n.png,16,16,pbr_map,below_512,512-block-item
assets/minecraft/textures/item/diamond.png,16,16,base,below_512,512-block-item
assets/minecraft/textures/item/clock_59_n.png,16,16,pbr_map,below_512,512-block-item
assets/minecraft/textures/item/compass_03_n.png,16,16,pbr_map,below_512,512-block-item
assets/minecraft/textures/item/compass_15_n.png,16,16,pbr_map,below_512,512-block-item
assets/minecraft/textures/item/netherite_pickaxe_n.png,16,16,pbr_map,below_512,512-block-item
assets/minecraft/textures/item/diamond_horse_armor_s.png,16,16,pbr_map,below_512,512-block-item
assets/minecraft/textures/item/iron_chestplate.png,16,16,base,below_512,512-block-item
assets/minecraft/textures/item/clock_53_n.png,16,16,pbr_map,below_512,512-block-item
assets/minecraft/textures/item/compass_26.png,16,16,base,below_512,512-block-item
assets/minecraft/textures/item/netherite_boots_n.png,16,16,pbr_map,below_512,512-block-item
assets/minecraft/textures/item/diamond_hoe_s.png,16,16,pbr_map,below_512,512-block-item
assets/minecraft/textures/item/leather_boots_s.png,16,16,pbr_map,below_512,512-block-item
assets/minecraft/textures/item/clock_61.png,16,16,base,below_512,512-block-item
assets/minecraft/textures/item/wooden_hoe_s.png,16,16,pbr_map,below_512,512-block-item
assets/minecraft/textures/item/compass_28_s.png,16,16,pbr_map,below_512,512-block-item
assets/minecraft/textures/item/compass_10.png,16,16,base,below_512,512-block-item
assets/minecraft/textures/item/clock_26_s.png,16,16,pbr_map,below_512,512-block-item
assets/minecraft/textures/item/golden_hoe.png,16,16,base,below_512,512-block-item
assets/minecraft/textures/item/clock_24.png,16,16,base,below_512,512-block-item
assets/minecraft/textures/item/iron_ingot.png,16,16,base,below_512,512-block-item
assets/minecraft/textures/item/clock_42.png,16,16,base,below_512,512-block-item
assets/minecraft/textures/item/leather_chestplate_overlay.png,16,16,base,below_512,512-block-item
assets/minecraft/textures/item/clock_21.png,16,16,base,below_512,512-block-item
assets/minecraft/textures/item/clock_28_s.png,16,16,pbr_map,below_512,512-block-item
assets/minecraft/textures/item/leather_helmet_overlay.png,16,16,base,below_512,512-block-item
assets/minecraft/textures/item/clock_50_s.png,16,16,pbr_map,below_512,512-block-item
assets/minecraft/textures/item/compass_27.png,16,16,base,below_512,512-block-item
assets/minecraft/textures/item/compass_07_n.png,16,16,pbr_map,below_512,512-block-item
assets/minecraft/textures/item/clock_32.png,16,16,base,below_512,512-block-item
assets/minecraft/textures/item/clock_43.png,16,16,base,below_512,512-block-item
assets/minecraft/textures/item/netherite_chestplate_s.png,16,16,pbr_map,below_512,512-block-item
assets/minecraft/textures/item/clock_40.png,16,16,base,below_512,512-block-item
assets/minecraft/textures/item/clock_08_s.png,16,16,pbr_map,below_512,512-block-item
assets/minecraft/textures/item/netherite_boots.png,16,16,base,below_512,512-block-item
assets/minecraft/textures/item/clock_51_s.png,16,16,pbr_map,below_512,512-block-item
assets/minecraft/textures/item/clock_42_n.png,16,16,pbr_map,below_512,512-block-item
assets/minecraft/textures/item/iron_sword.png,16,16,base,below_512,512-block-item
assets/minecraft/textures/item/clock_46.png,16,16,base,below_512,512-block-item
assets/minecraft/textures/item/leather_helmet_n.png,16,16,pbr_map,below_512,512-block-item
assets/minecraft/textures/item/compass_17_s.png,16,16,pbr_map,below_512,512-block-item
assets/minecraft/textures/item/leather_chestplate_s.png,16,16,pbr_map,below_512,512-block-item
assets/minecraft/textures/item/netherite_hoe_n.png,16,16,pbr_map,below_512,512-block-item
assets/minecraft/textures/item/ender_eye_n.png,16,16,pbr_map,below_512,512-block-item
assets/minecraft/textures/item/compass_22_s.png,16,16,pbr_map,below_512,512-block-item
assets/minecraft/textures/item/clock_38.png,16,16,base,below_512,512-block-item
assets/minecraft/textures/item/compass_24.png,16,16,base,below_512,512-block-item
assets/minecraft/textures/item/wooden_pickaxe_n.png,16,16,pbr_map,below_512,512-block-item
assets/minecraft/textures/item/golden_leggings_s.png,16,16,pbr_map,below_512,512-block-item
assets/minecraft/textures/item/netherite_helmet_s.png,16,16,pbr_map,below_512,512-block-item
assets/minecraft/textures/item/egg_n.png,16,16,pbr_map,below_512,512-block-item
assets/minecraft/textures/item/compass_30_n.png,16,16,pbr_map,below_512,512-block-item
assets/minecraft/textures/item/spyglass_model_s.png,16,16,pbr_map,below_512,512-block-item
assets/minecraft/textures/item/clock_37_s.png,16,16,pbr_map,below_512,512-block-item
assets/minecraft/textures/item/compass_27_s.png,16,16,pbr_map,below_512,512-block-item
assets/minecraft/textures/item/compass_07.png,16,16,base,below_512,512-block-item
assets/minecraft/textures/item/compass_19_n.png,16,16,pbr_map,below_512,512-block-item
assets/minecraft/textures/item/clock_36_n.png,16,16,pbr_map,below_512,512-block-item
assets/minecraft/textures/item/clock_08.png,16,16,base,below_512,512-block-item
assets/minecraft/textures/item/compass_14.png,16,16,base,below_512,512-block-item
assets/minecraft/textures/item/clock_34_s.png,16,16,pbr_map,below_512,512-block-item
assets/minecraft/textures/item/compass_13_s.png,16,16,pbr_map,below_512,512-block-item
assets/minecraft/textures/item/gold_ingot_n.png,16,16,pbr_map,below_512,512-block-item
assets/minecraft/textures/item/spyglass_model.png,16,16,base,below_512,512-block-item
assets/minecraft/textures/item/netherite_axe_s.png,16,16,pbr_map,below_512,512-block-item
assets/minecraft/textures/item/wooden_shovel_s.png,16,16,pbr_map,below_512,512-block-item
assets/minecraft/textures/item/clock_55_s.png,16,16,pbr_map,below_512,512-block-item
assets/minecraft/textures/item/compass_03_s.png,16,16,pbr_map,below_512,512-block-item
assets/minecraft/textures/item/compass_18_s.png,16,16,pbr_map,below_512,512-block-item
assets/minecraft/textures/item/clock_57.png,16,16,base,below_512,512-block-item
assets/minecraft/textures/item/compass_09_s.png,16,16,pbr_map,below_512,512-block-item
assets/minecraft/textures/item/chainmail_leggings_n.png,16,16,pbr_map,below_512,512-block-item
assets/minecraft/textures/item/clock_13.png,16,16,base,below_512,512-block-item
assets/minecraft/textures/item/wooden_shovel.png,16,16,base,below_512,512-block-item
assets/minecraft/textures/item/clock_21_s.png,16,16,pbr_map,below_512,512-block-item
assets/minecraft/textures/item/clock_09_s.png,16,16,pbr_map,below_512,512-block-item
assets/minecraft/textures/item/compass_19_s.png,16,16,pbr_map,below_512,512-block-item
assets/minecraft/textures/item/cod_bucket_s.png,16,16,pbr_map,below_512,512-block-item
assets/minecraft/textures/item/golden_boots_n.png,16,16,pbr_map,below_512,512-block-item
assets/minecraft/textures/item/clock_03.png,16,16,base,below_512,512-block-item
assets/minecraft/textures/item/diamond_boots_s.png,16,16,pbr_map,below_512,512-block-item
assets/minecraft/textures/item/leather_helmet_overlay_n.png,16,16,pbr_map,below_512,512-block-item
assets/minecraft/textures/item/compass_08_s.png,16,16,pbr_map,below_512,512-block-item
assets/minecraft/textures/item/clock_38_n.png,16,16,pbr_map,below_512,512-block-item
assets/minecraft/textures/item/clock_48_s.png,16,16,pbr_map,below_512,512-block-item
assets/minecraft/textures/item/netherite_leggings_s.png,16,16,pbr_map,below_512,512-block-item
assets/minecraft/textures/item/clock_31_n.png,16,16,pbr_map,below_512,512-block-item
assets/minecraft/textures/item/clock_10.png,16,16,base,below_512,512-block-item
assets/minecraft/textures/item/brick.png,16,16,base,below_512,512-block-item
assets/minecraft/textures/item/leather.png,16,16,base,below_512,512-block-item
assets/minecraft/textures/item/diamond_pickaxe_n.png,16,16,pbr_map,below_512,512-block-item
assets/minecraft/textures/item/egg_s.png,16,16,pbr_map,below_512,512-block-item
assets/minecraft/textures/item/iron_shovel.png,16,16,base,below_512,512-block-item
assets/minecraft/textures/item/golden_sword_s.png,16,16,pbr_map,below_512,512-block-item
assets/minecraft/textures/item/clock_02_n.png,16,16,pbr_map,below_512,512-block-item
assets/minecraft/textures/item/clock_13_s.png,16,16,pbr_map,below_512,512-block-item
assets/minecraft/textures/item/clock_53_s.png,16,16,pbr_map,below_512,512-block-item
assets/minecraft/textures/item/diamond_chestplate_s.png,16,16,pbr_map,below_512,512-block-item
assets/minecraft/textures/item/wooden_sword_n.png,16,16,pbr_map,below_512,512-block-item
assets/minecraft/textures/item/ender_pearl_n.png,16,16,pbr_map,below_512,512-block-item
assets/minecraft/textures/item/diamond_n.png,16,16,pbr_map,below_512,512-block-item
assets/minecraft/textures/item/netherite_sword.png,16,16,base,below_512,512-block-item
assets/minecraft/textures/item/netherite_ingot_n.png,16,16,pbr_map,below_512,512-block-item
assets/minecraft/textures/item/compass_31_n.png,16,16,pbr_map,below_512,512-block-item
assets/minecraft/textures/item/clock_26.png,16,16,base,below_512,512-block-item
assets/minecraft/textures/item/clock_18_n.png,16,16,pbr_map,below_512,512-block-item
assets/minecraft/textures/item/wooden_hoe.png,16,16,base,below_512,512-block-item
assets/minecraft/textures/item/clock_34.png,16,16,base,below_512,512-block-item
assets/minecraft/textures/item/clock_42_s.png,16,16,pbr_map,below_512,512-block-item
assets/minecraft/textures/item/clock_01_n.png,16,16,pbr_map,below_512,512-block-item
assets/minecraft/textures/item/nether_brick_s.png,16,16,pbr_map,below_512,512-block-item
assets/minecraft/textures/item/wooden_sword.png,16,16,base,below_512,512-block-item
assets/minecraft/textures/item/clock_04.png,16,16,base,below_512,512-block-item
assets/minecraft/textures/item/clock_33_n.png,16,16,pbr_map,below_512,512-block-item
assets/minecraft/textures/item/compass_25_n.png,16,16,pbr_map,below_512,512-block-item
assets/minecraft/textures/item/chainmail_helmet_n.png,16,16,pbr_map,below_512,512-block-item
assets/minecraft/textures/item/compass_22.png,16,16,base,below_512,512-block-item
assets/minecraft/textures/item/clock_58.png,16,16,base,below_512,512-block-item
assets/minecraft/textures/item/golden_pickaxe.png,16,16,base,below_512,512-block-item
assets/minecraft/textures/item/clock_14.png,16,16,base,below_512,512-block-item
assets/minecraft/textures/item/compass_14_s.png,16,16,pbr_map,below_512,512-block-item
assets/minecraft/textures/item/compass_16_n.png,16,16,pbr_map,below_512,512-block-item
assets/minecraft/textures/item/diamond_boots.png,16,16,base,below_512,512-block-item
assets/minecraft/textures/item/netherite_ingot.png,16,16,base,below_512,512-block-item
assets/minecraft/textures/item/clock_06.png,16,16,base,below_512,512-block-item
assets/minecraft/textures/item/golden_horse_armor_n.png,16,16,pbr_map,below_512,512-block-item
assets/minecraft/textures/item/compass_13.png,16,16,base,below_512,512-block-item
assets/minecraft/textures/item/leather_horse_armor.png,16,16,base,below_512,512-block-item
assets/minecraft/textures/item/diamond_shovel.png,16,16,base,below_512,512-block-item
assets/minecraft/textures/item/compass_19.png,16,16,base,below_512,512-block-item
assets/minecraft/textures/item/netherite_leggings_n.png,16,16,pbr_map,below_512,512-block-item
assets/minecraft/textures/item/clock_31.png,16,16,base,below_512,512-block-item
assets/minecraft/textures/item/clock_12_n.png,16,16,pbr_map,below_512,512-block-item
assets/minecraft/textures/item/netherite_sword_n.png,16,16,pbr_map,below_512,512-block-item
assets/minecraft/textures/item/stone_axe.png,16,16,base,below_512,512-block-item
assets/minecraft/textures/item/golden_shovel_n.png,16,16,pbr_map,below_512,512-block-item
assets/minecraft/textures/item/leather_leggings.png,16,16,base,below_512,512-block-item
assets/minecraft/textures/item/iron_leggings.png,16,16,base,below_512,512-block-item
assets/minecraft/textures/item/diamond_leggings.png,16,16,base,below_512,512-block-item
assets/minecraft/textures/item/diamond_axe.png,16,16,base,below_512,512-block-item
assets/minecraft/textures/item/leather_boots_overlay_s.png,16,16,pbr_map,below_512,512-block-item
assets/minecraft/textures/item/clock_63.png,16,16,base,below_512,512-block-item
assets/minecraft/textures/item/diamond_helmet_n.png,16,16,pbr_map,below_512,512-block-item
assets/minecraft/textures/item/compass_00_s.png,16,16,pbr_map,below_512,512-block-item
assets/minecraft/textures/item/compass_16.png,16,16,base,below_512,512-block-item
assets/minecraft/textures/item/golden_chestplate_n.png,16,16,pbr_map,below_512,512-block-item
assets/minecraft/textures/item/compass_24_n.png,16,16,pbr_map,below_512,512-block-item
assets/minecraft/textures/item/clock_25.png,16,16,base,below_512,512-block-item
assets/minecraft/textures/item/clock_00_n.png,16,16,pbr_map,below_512,512-block-item
assets/minecraft/textures/item/compass_27_n.png,16,16,pbr_map,below_512,512-block-item
assets/minecraft/textures/item/tropical_fish_bucket_s.png,16,16,pbr_map,below_512,512-block-item
assets/minecraft/textures/item/iron_helmet.png,16,16,base,below_512,512-block-item
assets/minecraft/textures/item/iron_helmet_n.png,16,16,pbr_map,below_512,512-block-item
assets/minecraft/textures/item/clock_25_n.png,16,16,pbr_map,below_512,512-block-item
assets/minecraft/textures/item/compass_20_n.png,16,16,pbr_map,below_512,512-block-item
assets/minecraft/textures/item/compass_09.png,16,16,base,below_512,512-block-item
assets/minecraft/textures/item/clock_13_n.png,16,16,pbr_map,below_512,512-block-item
assets/minecraft/textures/item/clock_05_s.png,16,16,pbr_map,below_512,512-block-item
assets/minecraft/textures/item/clock_05.png,16,16,base,below_512,512-block-item
assets/minecraft/textures/item/compass_03.png,16,16,base,below_512,512-block-item
assets/minecraft/textures/item/diamond_leggings_s.png,16,16,pbr_map,below_512,512-block-item
assets/minecraft/textures/item/netherite_shovel_s.png,16,16,pbr_map,below_512,512-block-item
assets/minecraft/textures/item/clock_25_s.png,16,16,pbr_map,below_512,512-block-item
assets/minecraft/textures/item/clock_01_s.png,16,16,pbr_map,below_512,512-block-item
assets/minecraft/textures/item/clock_10_s.png,16,16,pbr_map,below_512,512-block-item
assets/minecraft/textures/item/golden_helmet_n.png,16,16,pbr_map,below_512,512-block-item
assets/minecraft/textures/item/netherite_hoe_s.png,16,16,pbr_map,below_512,512-block-item
assets/minecraft/textures/item/golden_chestplate_s.png,16,16,pbr_map,below_512,512-block-item
assets/minecraft/textures/item/clock_24_s.png,16,16,pbr_map,below_512,512-block-item
assets/minecraft/textures/item/leather_n.png,16,16,pbr_map,below_512,512-block-item
assets/minecraft/textures/item/diamond_pickaxe.png,16,16,base,below_512,512-block-item
assets/minecraft/textures/item/diamond_hoe_n.png,16,16,pbr_map,below_512,512-block-item
assets/minecraft/textures/item/clock_17_n.png,16,16,pbr_map,below_512,512-block-item
assets/minecraft/textures/item/clock_57_s.png,16,16,pbr_map,below_512,512-block-item
assets/minecraft/textures/item/golden_hoe_n.png,16,16,pbr_map,below_512,512-block-item
assets/minecraft/textures/item/netherite_helmet.png,16,16,base,below_512,512-block-item
assets/minecraft/textures/item/compass_26_s.png,16,16,pbr_map,below_512,512-block-item
assets/minecraft/textures/item/clock_52_s.png,16,16,pbr_map,below_512,512-block-item
assets/minecraft/textures/item/clock_16_n.png,16,16,pbr_map,below_512,512-block-item
assets/minecraft/textures/item/leather_chestplate_n.png,16,16,pbr_map,below_512,512-block-item
assets/minecraft/textures/item/compass_16_s.png,16,16,pbr_map,below_512,512-block-item
assets/minecraft/textures/item/clock_28_n.png,16,16,pbr_map,below_512,512-block-item
assets/minecraft/textures/item/diamond_shovel_s.png,16,16,pbr_map,below_512,512-block-item
assets/minecraft/textures/item/compass_22_n.png,16,16,pbr_map,below_512,512-block-item
assets/minecraft/textures/item/compass_05_n.png,16,16,pbr_map,below_512,512-block-item
assets/minecraft/textures/item/clock_14_n.png,16,16,pbr_map,below_512,512-block-item
assets/minecraft/textures/item/clock_54_n.png,16,16,pbr_map,below_512,512-block-item
assets/minecraft/textures/item/clock_34_n.png,16,16,pbr_map,below_512,512-block-item
assets/minecraft/textures/item/leather_boots_overly_n.png,16,16,pbr_map,below_512,512-block-item
assets/minecraft/textures/item/compass_06.png,16,16,base,below_512,512-block-item
assets/minecraft/textures/item/clock_16_s.png,16,16,pbr_map,below_512,512-block-item
assets/minecraft/textures/item/stone_hoe.png,16,16,base,below_512,512-block-item
assets/minecraft/textures/item/stone_hoe_n.png,16,16,pbr_map,below_512,512-block-item
assets/minecraft/textures/item/clock_58_s.png,16,16,pbr_map,below_512,512-block-item
assets/minecraft/textures/item/compass_21_s.png,16,16,pbr_map,below_512,512-block-item
assets/minecraft/textures/item/iron_sword_s.png,16,16,pbr_map,below_512,512-block-item
assets/minecraft/textures/item/clock_03_n.png,16,16,pbr_map,below_512,512-block-item
assets/minecraft/textures/item/golden_axe_s.png,16,16,pbr_map,below_512,512-block-item
assets/minecraft/textures/item/leather_leggings_overlay_n.png,16,16,pbr_map,below_512,512-block-item
assets/minecraft/textures/item/clock_44_n.png,16,16,pbr_map,below_512,512-block-item
assets/minecraft/textures/item/iron_sword_n.png,16,16,pbr_map,below_512,512-block-item
assets/minecraft/textures/item/diamond_hoe.png,16,16,base,below_512,512-block-item
assets/minecraft/textures/item/clock_59.png,16,16,base,below_512,512-block-item
assets/minecraft/textures/item/clock_21_n.png,16,16,pbr_map,below_512,512-block-item
assets/minecraft/textures/item/pufferfish_bucket_n.png,16,16,pbr_map,below_512,512-block-item
assets/minecraft/textures/item/stone_shovel.png,16,16,base,below_512,512-block-item
assets/minecraft/textures/item/ender_pearl_s.png,16,16,pbr_map,below_512,512-block-item
assets/minecraft/textures/item/clock_37.png,16,16,base,below_512,512-block-item
assets/minecraft/textures/item/clock_48.png,16,16,base,below_512,512-block-item
assets/minecraft/textures/item/clock_11_n.png,16,16,pbr_map,below_512,512-block-item
assets/minecraft/textures/item/compass_25_s.png,16,16,pbr_map,below_512,512-block-item
assets/minecraft/textures/item/compass_23_s.png,16,16,pbr_map,below_512,512-block-item
